MovieID,count,mean,Title,Genres
2858,3428,4.3173862310385065,American Beauty (1999),Comedy|Drama
260,2991,4.453694416583082,Star Wars: Episode IV - A New Hope (1977),Action|Adventure|Fantasy|Sci-Fi
1196,2990,4.292976588628763,Star Wars: Episode V - The Empire Strikes Back (1980),Action|Adventure|Drama|Sci-Fi|War
1210,2883,4.022892819979188,Star Wars: Episode VI - Return of the Jedi (1983),Action|Adventure|Romance|Sci-Fi|War
480,2672,3.7638473053892216,Jurassic Park (1993),Action|Adventure|Sci-Fi
2028,2653,4.337353938937053,Saving Private Ryan (1998),Action|Drama|War
589,2649,4.058512646281616,Terminator 2: Judgment Day (1991),Action|Sci-Fi|Thriller
2571,2590,4.315830115830116,"Matrix, The (1999)",Action|Sci-Fi|Thriller
1270,2583,3.9903213317847466,Back to the Future (1985),Comedy|Sci-Fi
593,2578,4.3518231186966645,"Silence of the Lambs, The (1991)",Drama|Thriller
1580,2538,3.739952718676123,Men in Black (1997),Action|Adventure|Comedy|Sci-Fi
1198,2514,4.477724741447892,Raiders of the Lost Ark (1981),Action|Adventure
608,2513,4.254675686430561,Fargo (1996),Crime|Drama|Thriller
2762,2459,4.406262708418057,"Sixth Sense, The (1999)",Thriller
110,2443,4.234957020057307,Braveheart (1995),Action|Drama|War
2396,2369,4.127479949345715,Shakespeare in Love (1998),Comedy|Romance
1197,2318,4.3037100949094045,"Princess Bride, The (1987)",Action|Adventure|Comedy|Romance
527,2304,4.510416666666667,Schindler's List (1993),Drama|War
1617,2288,4.219405594405594,L.A. Confidential (1997),Crime|Film-Noir|Mystery|Thriller
1265,2278,3.953028972783143,Groundhog Day (1993),Comedy|Romance
1097,2269,3.9651828999559275,E.T. the Extra-Terrestrial (1982),Children's|Drama|Fantasy|Sci-Fi
2997,2241,4.125390450691656,Being John Malkovich (1999),Comedy
318,2227,4.554557700942973,"Shawshank Redemption, The (1994)",Drama
858,2223,4.524966261808367,"Godfather, The (1972)",Action|Crime|Drama
356,2194,4.087967183226983,Forrest Gump (1994),Comedy|Romance|War
2716,2181,3.9055479138010085,Ghostbusters (1984),Comedy|Horror
296,2171,4.278212805158913,Pulp Fiction (1994),Crime|Drama
1240,2098,4.152049571020019,"Terminator, The (1984)",Action|Sci-Fi|Thriller
1,2077,4.146846413095811,Toy Story (1995),Animation|Children's|Comedy
1214,2024,4.159584980237154,Alien (1979),Action|Horror|Sci-Fi|Thriller
2916,1996,3.682364729458918,Total Recall (1990),Action|Adventure|Sci-Fi|Thriller
457,1995,4.103258145363409,"Fugitive, The (1993)",Action|Thriller
3578,1924,4.106029106029106,Gladiator (2000),Action|Drama
1200,1820,4.125824175824176,Aliens (1986),Action|Sci-Fi|Thriller|War
541,1800,4.273333333333333,Blade Runner (1982),Film-Noir|Sci-Fi
2987,1799,3.6798221234018897,Who Framed Roger Rabbit? (1988),Adventure|Animation|Film-Noir
1259,1785,4.0969187675070025,Stand by Me (1986),Adventure|Comedy|Drama
50,1783,4.517106001121705,"Usual Suspects, The (1995)",Crime|Thriller
34,1751,3.8914905768132497,Babe (1995),Children's|Comedy|Drama
2791,1731,3.9711149624494513,Airplane! (1980),Comedy
780,1730,3.5104046242774567,Independence Day (ID4) (1996),Action|Sci-Fi|War
3175,1728,3.771412037037037,Galaxy Quest (1999),Adventure|Comedy|Sci-Fi
1193,1725,4.390724637681159,One Flew Over the Cuckoo's Nest (1975),Drama
919,1718,4.247962747380675,"Wizard of Oz, The (1939)",Adventure|Children's|Drama|Musical
924,1716,4.068764568764569,2001: A Space Odyssey (1968),Drama|Mystery|Sci-Fi|Thriller
1127,1715,3.6839650145772596,"Abyss, The (1989)",Action|Adventure|Sci-Fi|Thriller
2355,1703,3.854374633000587,"Bug's Life, A (1998)",Animation|Children's|Comedy
1387,1697,4.089569829110195,Jaws (1975),Action|Horror
1221,1692,4.357565011820331,"Godfather: Part II, The (1974)",Action|Crime|Drama
912,1669,4.412822049131217,Casablanca (1942),Drama|Romance|War
1036,1666,4.121848739495798,Die Hard (1988),Action|Thriller
1213,1657,4.275196137598069,GoodFellas (1990),Crime|Drama
1610,1652,4.052058111380146,"Hunt for Red October, The (1990)",Action|Thriller
377,1650,3.5654545454545454,Speed (1994),Action|Romance|Thriller
1291,1628,4.133292383292384,Indiana Jones and the Last Crusade (1989),Action|Adventure
2000,1627,3.8869084204056548,Lethal Weapon (1987),Action|Comedy|Crime|Drama
1136,1599,4.335209505941213,Monty Python and the Holy Grail (1974),Comedy
3114,1585,4.218927444794953,Toy Story 2 (1999),Animation|Children's|Comedy
1307,1568,4.073341836734694,When Harry Met Sally... (1989),Comedy|Romance
1704,1548,4.176356589147287,Good Will Hunting (1997),Drama
1721,1546,3.5834411384217333,Titanic (1997),Drama|Romance
1968,1539,3.8797920727745288,"Breakfast Club, The (1985)",Comedy|Drama
2599,1522,3.9303547963206307,Election (1999),Comedy
32,1511,3.945731303772336,Twelve Monkeys (1995),Drama|Sci-Fi
3793,1511,3.8206485771012573,X-Men (2000),Action|Sci-Fi
2174,1495,3.5678929765886287,Beetlejuice (1988),Comedy|Fantasy
2797,1491,3.8558014755197854,Big (1988),Comedy|Fantasy
2918,1473,4.11744738628649,Ferris Bueller's Day Off (1986),Comedy
2291,1473,3.5926680244399187,Edward Scissorhands (1990),Drama|Romance
2959,1451,4.077188146106134,Fight Club (1999),Drama
3471,1451,4.0144727773949,Close Encounters of the Third Kind (1977),Drama|Sci-Fi
590,1451,3.9152308752584424,Dances with Wolves (1990),Adventure|Drama|Western
1374,1448,3.880524861878453,Star Trek: The Wrath of Khan (1982),Action|Adventure|Sci-Fi
1394,1434,4.02092050209205,Raising Arizona (1987),Comedy
592,1431,3.6009783368273935,Batman (1989),Action|Adventure|Crime|Drama
1784,1424,3.9501404494382024,As Good As It Gets (1997),Comedy|Drama
1304,1419,4.215644820295983,Butch Cassidy and the Sundance Kid (1969),Action|Comedy|Western
3418,1417,3.6803105151729003,Thelma & Louise (1991),Action|Drama
223,1412,3.946883852691218,Clerks (1994),Comedy
380,1400,3.6342857142857143,True Lies (1994),Action|Adventure|Comedy|Romance
2706,1389,3.7098632109431247,American Pie (1999),Comedy
1225,1382,4.251808972503618,Amadeus (1984),Drama
1584,1382,3.768451519536903,Contact (1997),Drama|Sci-Fi
1527,1377,3.6405228758169934,"Fifth Element, The (1997)",Action|Sci-Fi
3481,1373,3.928623452294246,High Fidelity (2000),Comedy
1923,1371,3.9044493070751276,There's Something About Mary (1998),Comedy
750,1367,4.4498902706656915,Dr. Strangelove or: How I Learned to Stop Worrying and Love the Bomb (1963),Sci-Fi|War
39,1362,3.6233480176211454,Clueless (1995),Comedy|Romance
21,1356,3.6238938053097347,Get Shorty (1995),Action|Comedy|Drama
1393,1353,3.7590539541759056,Jerry Maguire (1996),Drama|Romance
2804,1352,4.238905325443787,"Christmas Story, A (1983)",Comedy|Drama
588,1351,3.788304959289415,Aladdin (1992),Animation|Children's|Comedy|Musical
2406,1345,3.6892193308550185,Romancing the Stone (1984),Action|Adventure|Comedy|Romance
1220,1341,3.9395973154362416,"Blues Brothers, The (1980)",Action|Comedy|Musical
733,1340,3.723134328358209,"Rock, The (1996)",Action|Adventure|Thriller
1230,1334,4.14167916041979,Annie Hall (1977),Comedy|Romance
3176,1331,3.503380916604057,"Talented Mr. Ripley, The (1999)",Drama|Mystery|Thriller
1961,1330,4.053383458646617,Rain Man (1988),Drama
3751,1329,3.8796087283671934,Chicken Run (2000),Animation|Children's|Comedy
1079,1326,3.971342383107089,"Fish Called Wanda, A (1988)",Comedy
908,1315,4.38403041825095,North by Northwest (1959),Drama|Thriller
3408,1315,3.863878326996198,Erin Brockovich (2000),Drama
1073,1313,3.8613861386138613,Willy Wonka and the Chocolate Factory (1971),Adventure|Children's|Comedy|Fantasy
1356,1310,3.7091603053435116,Star Trek: First Contact (1996),Action|Adventure|Sci-Fi
3527,1297,3.653816499614495,Predator (1987),Action|Sci-Fi|Thriller
2700,1269,3.760441292356186,"South Park: Bigger, Longer and Uncut (1999)",Animation|Comedy
1219,1263,4.218527315914489,Psycho (1960),Horror|Thriller
1247,1261,4.245836637589215,"Graduate, The (1967)",Drama|Romance
1089,1259,4.13582208101668,Reservoir Dogs (1992),Crime|Thriller
1222,1254,4.110845295055821,Full Metal Jacket (1987),Action|Drama|War
150,1251,4.073541167066347,Apollo 13 (1995),Drama
111,1240,4.183870967741935,Taxi Driver (1976),Drama|Thriller
3753,1240,3.7451612903225806,"Patriot, The (2000)",Action|Drama|War
357,1233,3.7437145174371453,Four Weddings and a Funeral (1994),Comedy|Romance
1206,1229,4.0781122864117165,"Clockwork Orange, A (1971)",Sci-Fi
1094,1229,3.7314890154597236,"Crying Game, The (1992)",Drama|Romance|War
3147,1222,4.154664484451718,"Green Mile, The (1999)",Drama|Thriller
2640,1222,3.536824877250409,Superman (1978),Action|Adventure|Sci-Fi
2395,1220,3.8409836065573773,Rushmore (1998),Comedy
3421,1207,4.053024026512014,Animal House (1978),Comedy
1517,1205,3.7103734439834026,Austin Powers: International Man of Mystery (1997),Comedy
1641,1199,3.872393661384487,"Full Monty, The (1997)",Comedy
1278,1193,4.250628667225482,Young Frankenstein (1974),Comedy|Horror
1252,1185,4.339240506329114,Chinatown (1974),Film-Noir|Mystery|Thriller
1358,1177,4.208156329651657,Sling Blade (1996),Drama|Thriller
1208,1176,4.243197278911564,Apocalypse Now (1979),Drama|War
2529,1162,3.712564543889845,Planet of the Apes (1968),Action|Sci-Fi
2321,1158,3.6968911917098444,Pleasantville (1998),Comedy
920,1156,3.9974048442906573,Gone with the Wind (1939),Drama|Romance|War
2324,1152,4.329861111111111,Life Is Beautiful (La Vita è bella) (1997),Comedy|Drama
1090,1143,4.090113735783027,Platoon (1986),Drama|War
47,1137,4.106420404573439,Seven (Se7en) (1995),Crime|Thriller
1500,1136,3.813380281690141,Grosse Pointe Blank (1997),Comedy|Crime
1370,1135,3.541850220264317,Die Hard 2 (1990),Action|Thriller
1954,1129,3.9433126660761735,Rocky (1976),Action|Drama
1673,1128,3.769503546099291,Boogie Nights (1997),Drama
2194,1127,4.007985803016859,"Untouchables, The (1987)",Action|Crime|Drama
2115,1127,3.676131322094055,Indiana Jones and the Temple of Doom (1984),Action|Adventure
1376,1126,3.6563055062166963,Star Trek IV: The Voyage Home (1986),Action|Adventure|Sci-Fi
364,1121,3.8608385370205176,"Lion King, The (1994)",Animation|Children's|Musical
3253,1120,3.600892857142857,Wayne's World (1992),Comedy
3671,1119,4.047363717605005,Blazing Saddles (1974),Comedy|Western
1288,1118,4.179785330948121,This Is Spinal Tap (1984),Comedy|Drama|Musical
923,1116,4.388888888888889,Citizen Kane (1941),Drama
3160,1113,3.8939802336028753,Magnolia (1999),Drama
1242,1112,4.193345323741007,Glory (1989),Action|Drama|War
1294,1099,4.124658780709736,M*A*S*H (1970),Comedy|War
3255,1099,3.6797088262056414,"League of Their Own, A (1992)",Comedy|Drama
1732,1097,3.7383773928896993,"Big Lebowski, The (1998)",Comedy|Crime|Mystery|Thriller
3361,1095,3.837442922374429,Bull Durham (1988),Comedy
1396,1091,3.7277726856095326,Sneakers (1992),Crime|Drama|Sci-Fi
2763,1089,3.6418732782369148,"Thomas Crown Affair, The (1999)",Action|Thriller
1258,1087,4.104875804967802,"Shining, The (1980)",Horror
2302,1086,3.7845303867403315,My Cousin Vinny (1992),Comedy
3448,1082,3.733826247689464,"Good Morning, Vietnam (1987)",Comedy|Drama|War
1653,1077,3.711234911792015,Gattaca (1997),Drama|Sci-Fi|Thriller
1608,1076,3.5882899628252787,Air Force One (1997),Action|Thriller
2692,1072,4.224813432835821,Run Lola Run (Lola rennt) (1998),Action|Crime|Romance
3702,1066,3.6641651031894935,Mad Max (1979),Action|Sci-Fi
3081,1066,3.516885553470919,Sleepy Hollow (1999),Horror|Romance
2268,1061,3.93119698397738,"Few Good Men, A (1992)",Crime|Drama
595,1060,3.8858490566037736,Beauty and the Beast (1991),Animation|Children's|Musical
349,1059,3.7261567516525025,Clear and Present Danger (1994),Action|Adventure|Thriller
969,1057,4.251655629139073,"African Queen, The (1951)",Action|Adventure|Romance|War
3256,1052,3.75,Patriot Games (1992),Action|Thriller
904,1050,4.476190476190476,Rear Window (1954),Mystery|Thriller
1234,1049,4.320305052430887,"Sting, The (1973)",Comedy|Crime
1674,1046,3.9961759082217974,Witness (1985),Drama|Romance|Thriller
597,1046,3.641491395793499,Pretty Woman (1990),Comedy|Romance
913,1043,4.395973154362416,"Maltese Falcon, The (1941)",Film-Noir|Mystery
2081,1035,3.756521739130435,"Little Mermaid, The (1989)",Animation|Children's|Comedy|Musical|Romance
3703,1034,3.6740812379110253,Mad Max 2 (a.k.a. The Road Warrior) (1981),Action|Sci-Fi
11,1033,3.7938044530493706,"American President, The (1995)",Comedy|Drama|Romance
2890,1021,3.8070519098922624,Three Kings (1999),Drama|War
1028,1011,3.894164193867458,Mary Poppins (1964),Children's|Comedy|Musical
2001,1011,3.5450049455984174,Lethal Weapon 2 (1989),Action|Comedy|Crime|Drama
2968,1010,3.6940594059405942,Time Bandits (1981),Adventure|Fantasy|Sci-Fi
1101,1010,3.6861386138613863,Top Gun (1986),Action|Romance
2407,1006,3.5377733598409544,Cocoon (1985),Comedy|Sci-Fi
1682,1005,3.861691542288557,"Truman Show, The (1998)",Drama
1233,1001,4.302697302697303,"Boat, The (Das Boot) (1981)",Action|Drama|War
1266,997,4.0902708124373115,Unforgiven (1992),Western
551,996,3.717871485943775,"Nightmare Before Christmas, The (1993)",Children's|Comedy|Musical
3897,994,4.22635814889336,Almost Famous (2000),Comedy|Drama
3363,990,4.026262626262627,American Graffiti (1973),Comedy|Drama
3052,989,3.7128412537917086,Dogma (1999),Comedy
1183,989,3.609706774519717,"English Patient, The (1996)",Drama|Romance|War
2353,988,3.687246963562753,Enemy of the State (1998),Action|Thriller
539,986,3.760649087221095,Sleepless in Seattle (1993),Comedy|Romance
2006,983,3.5615462868769074,"Mask of Zorro, The (1998)",Action|Adventure|Romance
3072,982,3.7871690427698574,Moonstruck (1987),Comedy
25,980,3.6510204081632653,Leaving Las Vegas (1995),Drama|Romance
2289,978,3.96319018404908,"Player, The (1992)",Comedy|Drama
1408,975,3.8133333333333335,"Last of the Mohicans, The (1992)",Action|Romance|War
474,972,3.825102880658436,In the Line of Fire (1993),Action|Thriller
3552,967,3.8469493278179936,Caddyshack (1980),Comedy
1639,966,3.7784679089026914,Chasing Amy (1997),Drama|Romance
440,948,3.811181434599156,Dave (1993),Comedy|Romance
1215,945,3.804232804232804,Army of Darkness (1993),Action|Adventure|Comedy|Horror|Sci-Fi
3108,945,3.6264550264550266,"Fisher King, The (1991)",Comedy|Drama|Romance
1282,943,3.904559915164369,Fantasia (1940),Animation|Children's|Musical
6,940,3.8787234042553194,Heat (1995),Action|Crime|Thriller
1250,938,4.386993603411514,"Bridge on the River Kwai, The (1957)",Drama|War
2336,938,4.029850746268656,Elizabeth (1998),Drama
1276,930,4.253763440860215,Cool Hand Luke (1967),Comedy|Drama
1207,928,4.425646551724138,To Kill a Mockingbird (1962),Drama
36,928,3.9579741379310347,Dead Man Walking (1995),Drama
235,927,3.696871628910464,Ed Wood (1994),Comedy|Drama
1080,926,4.018358531317495,Monty Python's Life of Brian (1979),Comedy
293,923,4.106175514626218,"Professional, The (a.k.a. Leon: The Professional) (1994)",Crime|Drama|Romance|Thriller
2248,914,4.017505470459518,Say Anything... (1989),Comedy|Drama|Romance
1199,913,4.097480832420591,Brazil (1985),Sci-Fi
1912,908,3.797356828193833,Out of Sight (1998),Action|Crime|Romance
3555,908,3.539647577092511,U-571 (2000),Action|Thriller
903,905,4.27292817679558,Vertigo (1958),Mystery|Thriller
2947,897,3.971014492753623,Goldfinger (1964),Action
10,888,3.5405405405405403,GoldenEye (1995),Action|Adventure|Thriller
3210,886,3.8374717832957113,Fast Times at Ridgemont High (1982),Comedy
1407,886,3.5756207674943568,Scream (1996),Horror|Thriller
1997,885,3.9559322033898305,"Exorcist, The (1973)",Horror
1179,885,3.7887005649717516,"Grifters, The (1990)",Crime|Drama|Film-Noir
3006,884,4.0588235294117645,"Insider, The (1999)",Drama
3499,884,3.82579185520362,Misery (1990),Horror
1148,882,4.507936507936508,"Wrong Trousers, The (1993)",Animation|Comedy
1035,882,3.931972789115646,"Sound of Music, The (1965)",Musical
1625,882,3.9138321995464853,"Game, The (1997)",Mystery|Thriller
1748,874,3.822654462242563,Dark City (1998),Film-Noir|Sci-Fi|Thriller
2502,872,3.8211009174311927,Office Space (1999),Comedy|Romance
2080,864,3.8043981481481484,Lady and the Tramp (1955),Animation|Children's|Comedy|Musical|Romance
3948,862,3.6357308584686776,Meet the Parents (2000),Comedy
1953,861,4.098722415795587,"French Connection, The (1971)",Action|Crime|Drama|Thriller
1246,855,4.005847953216374,Dead Poets Society (1989),Drama
2915,852,3.6396713615023475,Risky Business (1983),Comedy
2908,850,4.014117647058823,Boys Don't Cry (1999),Drama
3543,839,3.9225268176400476,Diner (1982),Comedy|Drama
3039,839,3.828367103694875,Trading Places (1983),Comedy
2352,838,3.8747016706443915,"Big Chill, The (1983)",Comedy|Drama
17,835,4.027544910179641,Sense and Sensibility (1995),Drama|Romance
910,832,4.300480769230769,Some Like It Hot (1959),Comedy|Crime
1204,831,4.401925391095066,Lawrence of Arabia (1962),Adventure|War
2108,825,3.7066666666666666,L.A. Story (1991),Comedy|Romance
165,825,3.561212121212121,Die Hard: With a Vengeance (1995),Action|Thriller
454,824,3.5473300970873787,"Firm, The (1993)",Drama|Thriller
1201,822,4.133819951338199,"Good, The Bad and The Ugly, The (1966)",Action|Western
3510,821,3.7588306942752743,Frequency (2000),Drama|Thriller
1380,817,3.5777233782129745,Grease (1978),Comedy|Musical|Romance
3526,811,3.7694204685573367,Parenthood (1989),Comedy|Drama
2278,806,3.5272952853598016,Ronin (1998),Action|Crime|Thriller
1285,803,3.8156911581569117,Heathers (1989),Comedy
3101,802,3.669576059850374,Fatal Attraction (1987),Thriller
368,802,3.5236907730673317,Maverick (1994),Action|Comedy|Western
2058,799,3.6082603254067585,"Negotiator, The (1998)",Action|Thriller
2064,798,4.0739348370927315,Roger & Me (1989),Comedy|Documentary
1994,795,3.6842767295597483,Poltergeist (1982),Horror|Thriller
3624,791,3.6548672566371683,Shanghai Noon (2000),Action
2243,789,3.747782002534854,Broadcast News (1987),Comedy|Drama|Romance
1060,786,3.94147582697201,Swingers (1996),Comedy|Drama
3424,781,3.880921895006402,Do the Right Thing (1989),Comedy|Drama
2671,780,3.6628205128205127,Notting Hill (1999),Comedy|Romance
2020,773,3.9715394566623545,Dangerous Liaisons (1988),Drama|Romance
2490,773,3.5058214747736094,Payback (1999),Action|Thriller
265,772,3.9326424870466323,Like Water for Chocolate (Como agua para chocolate) (1992),Drama|Romance
2948,771,3.8897535667963683,From Russia with Love (1963),Action
1302,768,3.9114583333333335,Field of Dreams (1989),Drama
1267,765,4.333333333333333,"Manchurian Candidate, The (1962)",Film-Noir|Thriller
3362,765,3.969934640522876,Dog Day Afternoon (1975),Comedy|Crime|Drama
3104,765,3.8562091503267975,Midnight Run (1988),Action|Adventure|Comedy|Crime
594,763,3.8453473132372213,Snow White and the Seven Dwarfs (1937),Animation|Children's|Musical
1947,761,4.057818659658344,West Side Story (1961),Musical|Romance
161,760,3.723684210526316,Crimson Tide (1995),Drama|Thriller|War
3386,756,3.755291005291005,JFK (1991),Drama|Mystery
2366,756,3.6560846560846563,King Kong (1933),Action|Adventure|Horror
899,751,4.2836218375499335,Singin' in the Rain (1952),Musical|Romance
778,751,3.9600532623169107,Trainspotting (1996),Drama
1965,751,3.6830892143808254,Repo Man (1984),Comedy|Sci-Fi
1092,751,3.5419440745672435,Basic Instinct (1992),Mystery|Thriller
1231,750,4.08,"Right Stuff, The (1983)",Drama
2391,745,3.751677852348993,"Simple Plan, A (1998)",Crime|Thriller
1077,744,3.9798387096774195,Sleeper (1973),Comedy|Sci-Fi
3396,744,3.8561827956989245,"Muppet Movie, The (1979)",Children's|Comedy
2872,742,3.81266846361186,Excalibur (1981),Action|Drama|Fantasy|Romance
1275,741,3.8461538461538463,Highlander (1986),Action|Adventure
2288,741,3.785425101214575,"Thing, The (1982)",Action|Horror|Sci-Fi|Thriller
1663,740,3.8391891891891894,Stripes (1981),Comedy
253,738,3.524390243902439,Interview with the Vampire (1994),Drama|Horror
1249,733,4.005457025920873,Nikita (La Femme Nikita) (1990),Thriller
1333,733,3.882673942701228,"Birds, The (1963)",Horror
1299,732,4.248633879781421,"Killing Fields, The (1984)",Drama|War
953,729,4.299039780521262,It's a Wonderful Life (1946),Drama
2871,729,3.9410150891632374,Deliverance (1972),Adventure|Thriller
1729,724,3.6892265193370166,Jackie Brown (1997),Crime|Drama
2580,723,3.854771784232365,Go (1999),Crime
529,720,3.977777777777778,Searching for Bobby Fischer (1993),Drama
1466,719,3.7955493741307373,Donnie Brasco (1997),Crime|Drama
2144,719,3.710709318497914,Sixteen Candles (1984),Comedy
1244,718,4.082172701949861,Manhattan (1979),Comedy|Drama|Romance
246,716,4.18854748603352,Hoop Dreams (1994),Documentary
968,715,3.6713286713286712,Night of the Living Dead (1968),Horror|Sci-Fi
2160,712,3.818820224719101,Rosemary's Baby (1968),Horror|Thriller
3148,711,3.952180028129395,"Cider House Rules, The (1999)",Drama
2140,710,3.652112676056338,"Dark Crystal, The (1982)",Children's|Fantasy|Sci-Fi
2944,707,4.0042432814710045,"Dirty Dozen, The (1967)",Action|War
300,705,3.7588652482269502,Quiz Show (1994),Drama
1287,704,4.110795454545454,Ben-Hur (1959),Action|Adventure|Drama
2359,703,3.879089615931721,Waking Ned Devine (1998),Comedy
3763,701,3.570613409415121,F/X (1986),Action|Crime|Thriller
1263,700,4.11,"Deer Hunter, The (1978)",Drama|War
2161,699,3.6051502145922747,"NeverEnding Story, The (1984)",Adventure|Children's|Fantasy
1235,697,4.164992826398852,Harold and Maude (1971),Comedy
1262,696,4.376436781609195,"Great Escape, The (1963)",Adventure|War
2150,695,3.726618705035971,"Gods Must Be Crazy, The (1980)",Comedy
337,693,3.8412698412698414,What's Eating Gilbert Grape (1993),Drama
3868,692,3.680635838150289,"Naked Gun: From the Files of Police Squad!, The (1988)",Comedy
3504,688,4.020348837209302,Network (1976),Comedy|Drama
1343,687,3.671033478893741,Cape Fear (1991),Thriller
1084,686,4.096209912536443,Bonnie and Clyde (1967),Crime|Drama
16,682,3.7932551319648096,Casino (1995),Drama|Thriller
141,682,3.5498533724340176,"Birdcage, The (1996)",Comedy
104,682,3.526392961876833,Happy Gilmore (1996),Comedy
3105,680,3.7808823529411764,Awakenings (1990),Drama
1228,677,4.1875923190546525,Raging Bull (1980),Drama
1188,676,3.951183431952663,Strictly Ballroom (1992),Comedy|Romance
902,676,3.908284023668639,Breakfast at Tiffany's (1961),Drama|Romance
2761,674,4.0474777448071215,"Iron Giant, The (1999)",Animation|Children's
1269,672,4.168154761904762,Arsenic and Old Lace (1944),Comedy|Mystery|Thriller
1293,671,4.141579731743666,Gandhi (1982),Drama
497,667,4.0,Much Ado About Nothing (1993),Comedy|Romance
3476,667,3.578710644677661,Jacob's Ladder (1990),Horror|Mystery|Thriller
2078,664,3.816265060240964,"Jungle Book, The (1967)",Animation|Children's|Comedy|Musical
1952,663,4.113122171945701,Midnight Cowboy (1969),Drama
2300,658,4.144376899696049,"Producers, The (1968)",Comedy|Musical
555,658,3.9285714285714284,True Romance (1993),Action|Crime|Romance
745,657,4.52054794520548,"Close Shave, A (1995)",Animation|Comedy|Thriller
3911,657,4.073059360730594,Best in Show (2000),Comedy
2076,654,3.7629969418960245,Blue Velvet (1986),Drama|Mystery
1962,652,3.8773006134969323,Driving Miss Daisy (1989),Drama
2949,646,3.874613003095975,Dr. No (1962),Action
1272,645,4.266666666666667,Patton (1970),Drama|War
441,643,3.6936236391912907,Dazed and Confused (1993),Comedy
2329,640,4.2265625,American History X (1998),Drama
914,636,4.154088050314465,My Fair Lady (1964),Musical|Romance
1960,636,3.9764150943396226,"Last Emperor, The (1987)",Drama|War
1957,634,3.7965299684542586,Chariots of Fire (1981),Drama
2707,634,3.504731861198738,Arlington Road (1999),Thriller
800,630,4.082539682539682,Lone Star (1996),Drama|Mystery
2019,628,4.560509554140127,Seven Samurai (The Magnificent Seven) (Shichinin no samurai) (1954),Action|Drama
3683,628,4.218152866242038,Blood Simple (1984),Drama|Film-Noir
2664,628,3.912420382165605,Invasion of the Body Snatchers (1956),Horror|Sci-Fi
2273,627,3.5661881977671452,Rush Hour (1998),Action|Thriller
1959,626,3.6533546325878596,Out of Africa (1985),Drama|Romance
2542,625,3.8976,"Lock, Stock & Two Smoking Barrels (1998)",Comedy|Crime|Thriller
3100,623,3.756019261637239,"River Runs Through It, A (1992)",Drama
610,618,3.546925566343042,Heavy Metal (1981),Action|Adventure|Animation|Horror|Sci-Fi
1203,616,4.295454545454546,12 Angry Men (1957),Drama
1172,615,4.287804878048781,Cinema Paradiso (1988),Comedy|Drama|Romance
1921,613,3.7911908646003263,Pi (1998),Sci-Fi|Thriller
1885,608,3.692434210526316,"Opposite of Sex, The (1998)",Comedy|Drama
509,608,3.674342105263158,"Piano, The (1993)",Drama|Romance
471,599,3.631051752921536,"Hudsucker Proxy, The (1994)",Comedy|Romance
2371,599,3.5943238731218696,Fletch (1985),Comedy
1256,594,4.21043771043771,Duck Soup (1933),Comedy|War
2087,594,3.65993265993266,Peter Pan (1953),Animation|Children's|Fantasy|Musical
1271,593,3.806070826306914,Fried Green Tomatoes (1991),Drama
3037,591,4.04399323181049,Little Big Man (1970),Comedy|Drama|Western
1292,591,4.013536379018612,Being There (1979),Comedy
3360,590,3.91864406779661,Hoosiers (1986),Drama
2018,589,3.738539898132428,Bambi (1942),Animation|Children's
2501,588,4.137755102040816,October Sky (1999),Drama
2686,583,3.9622641509433962,"Red Violin, The (Le Violon rouge) (1998)",Drama|Mystery
3044,583,3.855917667238422,Dead Again (1991),Mystery|Romance|Thriller
898,582,4.3006872852233675,"Philadelphia Story, The (1940)",Comedy|Romance
2394,579,3.5716753022452505,"Prince of Egypt, The (1998)",Animation|Musical
2333,578,3.8131487889273354,Gods and Monsters (1998),Drama
1022,577,3.755632582322357,Cinderella (1950),Animation|Children's|Musical
1019,575,3.7026086956521738,"20,000 Leagues Under the Sea (1954)",Adventure|Children's|Fantasy|Sci-Fi
2109,573,3.743455497382199,"Jerk, The (1979)",Comedy
866,572,3.8234265734265733,Bound (1996),Crime|Drama|Romance|Thriller
1095,571,3.8844133099824867,Glengarry Glen Ross (1992),Drama
1029,568,3.688380281690141,Dumbo (1941),Animation|Children's|Musical
1345,567,3.6049382716049383,Carrie (1976),Horror
2662,565,3.8584070796460175,"War of the Worlds, The (1953)",Action|Sci-Fi|War
2085,565,3.5964601769911506,101 Dalmatians (1961),Animation|Children's
2067,564,4.065602836879433,Doctor Zhivago (1965),Drama|Romance|War
1186,562,3.613879003558719,"Sex, Lies, and Videotape (1989)",Drama
508,561,3.894830659536542,Philadelphia (1993),Drama
1296,560,3.9964285714285714,"Room with a View, A (1986)",Drama|Romance
1253,559,4.141323792486583,"Day the Earth Stood Still, The (1951)",Drama|Sci-Fi
3893,559,3.5026833631484795,Nurse Betty (2000),Comedy|Thriller
3060,558,3.8315412186379927,"Commitments, The (1991)",Comedy|Drama
3252,555,3.7135135135135133,Scent of a Woman (1992),Drama
1967,554,3.637184115523466,Labyrinth (1986),Adventure|Children's|Fantasy
151,554,3.588447653429603,Rob Roy (1995),Drama|Romance|War
553,553,3.8734177215189876,Tombstone (1993),Western
3435,551,4.415607985480944,Double Indemnity (1944),Crime|Film-Noir
2795,549,3.841530054644809,Vacation (1983),Comedy
1321,549,3.7522768670309654,"American Werewolf in London, An (1981)",Horror
3098,548,3.832116788321168,"Natural, The (1984)",Drama
1261,548,3.826642335766423,Evil Dead II (Dead By Dawn) (1987),Action|Adventure|Comedy|Horror
1357,548,3.8065693430656933,Shine (1996),Drama|Romance
3685,545,3.5926605504587155,Prizzi's Honor (1985),Comedy|Drama|Romance
3479,542,3.6734317343173433,Ladyhawke (1985),Adventure|Fantasy|Romance
1284,541,4.312384473197782,"Big Sleep, The (1946)",Film-Noir|Mystery
62,541,3.6968576709796674,Mr. Holland's Opus (1995),Drama
1958,530,3.607547169811321,Terms of Endearment (1983),Comedy|Drama
1032,525,3.697142857142857,Alice in Wonderland (1951),Animation|Children's|Musical
2951,522,3.9942528735632186,"Fistful of Dollars, A (1964)",Action|Western
3095,521,4.134357005758157,"Grapes of Wrath, The (1940)",Drama
3359,520,4.0807692307692305,Breaking Away (1979),Drama
1945,519,4.269749518304431,On the Waterfront (1954),Crime|Drama
2863,518,3.88996138996139,"Hard Day's Night, A (1964)",Comedy|Musical
342,518,3.6776061776061777,Muriel's Wedding (1994),Comedy|Romance
2423,515,3.588349514563107,Christmas Vacation (1989),Comedy
1248,514,4.215953307392996,Touch of Evil (1958),Crime|Film-Noir|Thriller
2096,511,3.710371819960861,Sleeping Beauty (1959),Animation|Children's|Musical
3178,509,3.848722986247544,"Hurricane, The (1999)",Drama
1956,507,3.990138067061144,Ordinary People (1980),Drama
1635,507,3.8007889546351086,"Ice Storm, The (1997)",Drama
1982,506,3.7134387351778657,Halloween (1978),Horror
2917,504,4.031746031746032,Body Heat (1981),Crime|Thriller
3654,502,3.9641434262948207,"Guns of Navarone, The (1961)",Action|Drama|War
58,501,4.093812375249501,"Postino, Il (The Postman) (1994)",Drama|Romance
838,501,3.8802395209580838,Emma (1996),Comedy|Drama|Romance
596,498,3.751004016064257,Pinocchio (1940),Animation|Children's
2137,497,3.8229376257545273,Charlotte's Web (1973),Animation|Children's
3203,497,3.6780684104627768,Dead Calm (1989),Thriller
3317,496,3.9495967741935485,Wonder Boys (2000),Comedy|Drama
3735,495,3.981818181818182,Serpico (1973),Crime|Drama
1834,493,3.9391480730223125,"Spanish Prisoner, The (1997)",Drama|Thriller
162,491,4.063136456211812,Crumb (1994),Documentary
1907,490,3.742857142857143,Mulan (1998),Animation|Children's
3536,489,3.7484662576687118,Keeping the Faith (2000),Comedy|Romance
2841,487,3.6262833675564683,Stir of Echoes (1999),Thriller
3635,487,3.6057494866529773,"Spy Who Loved Me, The (1977)",Action
628,485,3.8969072164948453,Primal Fear (1996),Drama|Thriller
3168,485,3.7711340206185566,Easy Rider (1969),Adventure|Drama
1104,483,4.225672877846791,"Streetcar Named Desire, A (1951)",Drama
3267,483,3.6873706004140785,"Mariachi, El (1992)",Action|Thriller
2186,482,4.304979253112033,Strangers on a Train (1951),Film-Noir|Thriller
1212,480,4.452083333333333,"Third Man, The (1949)",Mystery|Thriller
3260,480,3.7291666666666665,Howards End (1992),Drama
2065,479,3.5991649269311066,"Purple Rose of Cairo, The (1985)",Comedy|Drama|Romance
562,478,3.799163179916318,Welcome to the Dollhouse (1995),Comedy|Drama
247,477,3.8658280922431865,Heavenly Creatures (1994),Drama|Fantasy|Romance|Thriller
524,476,3.615546218487395,Rudy (1993),Drama
3246,475,3.903157894736842,Malcolm X (1992),Drama
1041,474,4.037974683544304,Secrets & Lies (1996),Drama
1678,474,3.829113924050633,"Joy Luck Club, The (1993)",Drama
2912,474,3.679324894514768,"Limey, The (1999)",Action|Crime|Drama
1223,473,4.361522198731501,"Grand Day Out, A (1992)",Animation|Comedy
1257,472,3.9216101694915255,Better Off Dead... (1985),Comedy
1694,471,3.7261146496815285,"Apostle, The (1997)",Drama
922,470,4.491489361702127,Sunset Blvd. (a.k.a. Sunset Boulevard) (1950),Film-Noir
345,469,3.8059701492537314,"Adventures of Priscilla, Queen of the Desert, The (1994)",Comedy|Drama
1680,464,3.790948275862069,Sliding Doors (1998),Drama|Romance
1449,462,4.147186147186147,Waiting for Guffman (1996),Comedy
3334,461,4.082429501084599,Key Largo (1948),Crime|Drama|Film-Noir|Thriller
3639,461,3.629067245119306,"Man with the Golden Gun, The (1974)",Action
2973,460,4.05,Crimes and Misdemeanors (1989),Comedy
2313,457,4.013129102844639,"Elephant Man, The (1980)",Drama
671,456,3.6798245614035086,Mystery Science Theater 3000: The Movie (1996),Comedy|Sci-Fi
1120,456,3.5833333333333335,"People vs. Larry Flynt, The (1996)",Drama
348,455,3.698901098901099,Bullets Over Broadway (1994),Comedy
3512,454,3.6806167400881056,Return to Me (2000),Drama|Romance
1254,453,4.289183222958058,"Treasure of the Sierra Madre, The (1948)",Adventure
3730,453,4.249448123620309,"Conversation, The (1974)",Drama|Mystery
1185,453,3.958057395143488,My Left Foot (1989),Drama
3159,453,3.8057395143487858,Fantasia 2000 (1999),Animation|Children's|Musical
1274,452,3.933628318584071,Akira (1988),Adventure|Animation|Sci-Fi|Thriller
1955,452,3.7964601769911503,Kramer Vs. Kramer (1979),Drama
2788,451,4.137472283813747,And Now for Something Completely Different (1971),Comedy
180,451,3.5476718403547673,Mallrats (1995),Comedy
3468,450,4.24,"Hustler, The (1961)",Drama
994,450,4.095555555555555,Big Night (1996),Drama
515,450,3.917777777777778,"Remains of the Day, The (1993)",Drama
2739,450,3.8555555555555556,"Color Purple, The (1985)",Drama
3358,446,3.681614349775785,Defending Your Life (1991),Comedy|Romance
930,445,4.29438202247191,Notorious (1946),Film-Noir|Romance|Thriller
933,443,4.10158013544018,To Catch a Thief (1955),Comedy|Romance|Thriller
3545,443,3.9029345372460496,Cabaret (1972),Musical|War
1297,442,3.7081447963800906,Real Genius (1985),Comedy
2687,442,3.665158371040724,Tarzan (1999),Animation|Children's
647,441,3.5532879818594103,Courage Under Fire (1996),Drama|War
720,438,4.426940639269406,Wallace & Gromit: The Best of Aardman Animation (1996),Animation
3916,437,3.9244851258581237,Remember the Titans (2000),Drama
1081,434,3.6175115207373274,Victor/Victoria (1982),Comedy|Musical
52,431,3.640371229698376,Mighty Aphrodite (1995),Comedy
2966,429,4.055944055944056,"Straight Story, The (1999)",Drama
1224,426,4.286384976525822,Henry V (1989),Drama|War
2728,426,4.018779342723005,Spartacus (1960),Drama
916,425,4.216470588235294,Roman Holiday (1953),Comedy|Romance
2989,425,3.501176470588235,For Your Eyes Only (1981),Action
2991,422,3.5924170616113744,Live and Let Die (1973),Action
2009,422,3.518957345971564,Soylent Green (1973),Sci-Fi|Thriller
3035,421,4.149643705463183,Mister Roberts (1955),Comedy|Drama|War
909,417,4.127098321342926,"Apartment, The (1960)",Comedy|Drama
3019,416,3.920673076923077,Drugstore Cowboy (1989),Crime|Drama
2125,416,3.7139423076923075,Ever After: A Cinderella Story (1998),Drama|Romance
1171,415,3.7349397590361444,Bob Roberts (1992),Comedy
955,413,4.169491525423729,Bringing Up Baby (1938),Comedy
333,410,3.502439024390244,Tommy Boy (1995),Comedy
1350,409,3.6234718826405867,"Omen, The (1976)",Horror
3844,408,3.593137254901961,Steel Magnolias (1989),Drama
2648,406,3.9753694581280787,Frankenstein (1931),Horror
1124,405,3.740740740740741,On Golden Pond (1981),Drama
2993,404,3.7054455445544554,Thunderball (1965),Action
926,403,4.255583126550868,All About Eve (1950),Drama
1283,403,4.1786600496277915,High Noon (1952),Western
29,403,4.062034739454094,"City of Lost Children, The (1995)",Adventure|Sci-Fi
1103,402,3.9228855721393034,Rebel Without a Cause (1955),Drama
3551,400,3.93,Marathon Man (1976),Thriller
2857,399,3.6967418546365916,Yellow Submarine (1968),Animation|Musical
951,397,4.249370277078086,His Girl Friday (1940),Comedy
2403,397,3.5717884130982367,First Blood (1982),Action
3196,394,4.228426395939087,Stalag 17 (1953),Drama|War
3083,394,4.086294416243655,All About My Mother (Todo Sobre Mi Madre) (1999),Comedy|Drama
2919,391,3.895140664961637,Year of Living Dangerously (1982),Drama|Romance
2690,390,3.7,"Ideal Husband, An (1999)",Comedy
3507,389,4.033419023136247,"Odd Couple, The (1968)",Comedy
2010,388,4.082474226804123,Metropolis (1926),Sci-Fi
3952,388,3.7809278350515463,"Contender, The (2000)",Drama|Thriller
1298,387,3.640826873385013,Pink Floyd - The Wall (1982),Drama|Musical|War
928,386,4.204663212435233,Rebecca (1940),Romance|Thriller
1125,385,3.779220779220779,"Return of the Pink Panther, The (1974)",Comedy
954,383,4.240208877284595,Mr. Smith Goes to Washington (1939),Drama
272,383,3.7258485639686683,"Madness of King George, The (1994)",Drama
1411,382,3.9581151832460733,Hamlet (1996),Drama
1719,381,4.044619422572178,"Sweet Hereafter, The (1997)",Drama
2398,380,3.960526315789474,Miracle on 34th Street (1947),Drama
1086,379,4.079155672823219,Dial M for Murder (1954),Mystery|Thriller
3068,379,3.865435356200528,"Verdict, The (1982)",Drama
164,379,3.5672823218997363,Devil in a Blue Dress (1995),Crime|Film-Noir|Mystery|Thriller
940,378,3.9735449735449735,"Adventures of Robin Hood, The (1938)",Action|Adventure
3836,375,3.9093333333333335,Kelly's Heroes (1970),Action|Comedy|War
905,374,4.280748663101604,It Happened One Night (1934),Comedy
1061,374,3.550802139037433,Sleepers (1996),Crime|Drama
1301,373,3.9758713136729225,Forbidden Planet (1956),Sci-Fi
2565,372,3.954301075268817,"King and I, The (1956)",Musical
1078,372,3.836021505376344,Bananas (1971),Comedy|War
1914,372,3.8091397849462365,Smoke Signals (1998),Comedy|Drama
2301,371,3.5902964959568733,History of the World: Part I (1981),Comedy
2139,369,3.850948509485095,"Secret of NIMH, The (1982)",Animation|Children's
431,369,3.6910569105691056,Carlito's Way (1993),Crime|Drama
1175,368,4.002717391304348,Delicatessen (1991),Comedy|Sci-Fi
3508,365,4.043835616438356,"Outlaw Josey Wales, The (1976)",Western
915,365,3.9643835616438357,Sabrina (1954),Comedy|Romance
1944,364,4.096153846153846,From Here to Eternity (1953),Drama|Romance|War
1277,363,3.884297520661157,Cyrano de Bergerac (1990),Action|Drama|Romance
2118,363,3.7024793388429753,"Dead Zone, The (1983)",Horror|Thriller
1344,361,3.9224376731301938,Cape Fear (1962),Film-Noir|Thriller
3811,360,4.102777777777778,Breaker Morant (1980),Drama|War
3201,359,3.9526462395543174,Five Easy Pieces (1970),Drama
1245,358,4.005586592178771,Miller's Crossing (1990),Drama
3397,358,3.7374301675977653,"Great Muppet Caper, The (1981)",Children's|Comedy
1217,357,4.26890756302521,Ran (1985),Drama|War
3088,356,4.089887640449438,Harvey (1950),Comedy
3668,356,3.9157303370786516,Romeo and Juliet (1968),Drama|Romance
3505,355,3.8732394366197185,No Way Out (1987),Thriller
3152,354,3.9717514124293785,"Last Picture Show, The (1971)",Drama
1916,354,3.505649717514124,Buffalo 66 (1998),Action|Comedy|Drama
3067,353,3.8923512747875355,Women on the Verge of a Nervous Breakdown (1988),Comedy|Drama
3461,353,3.6657223796033995,Lord of the Flies (1963),Adventure|Drama|Thriller
1810,353,3.558073654390935,Primary Colors (1998),Drama
3062,352,3.971590909090909,"Longest Day, The (1962)",Action|Drama|War
1238,351,4.0,Local Hero (1983),Comedy
1693,351,3.717948717948718,Amistad (1997),Drama
1537,350,4.137142857142857,Shall We Dance? (Shall We Dansu?) (1996),Comedy
3451,350,3.92,Guess Who's Coming to Dinner (1967),Comedy|Drama
1950,348,4.129310344827586,In the Heat of the Night (1967),Drama|Mystery
3927,348,3.5804597701149423,Fantastic Voyage (1966),Adventure|Sci-Fi
232,346,4.07514450867052,Eat Drink Man Woman (1994),Comedy|Drama
514,346,3.531791907514451,"Ref, The (1994)",Comedy
3000,345,4.147826086956521,"Princess Mononoke, The (Mononoke Hime) (1997)",Action|Adventure|Animation
2779,345,3.6202898550724636,Heaven Can Wait (1978),Comedy
2231,345,3.608695652173913,Rounders (1998),Crime|Drama
1096,344,3.9767441860465116,Sophie's Choice (1982),Drama
805,344,3.5901162790697674,"Time to Kill, A (1996)",Drama
900,343,3.8513119533527695,"American in Paris, An (1951)",Musical|Romance
3034,343,3.7434402332361514,Robin Hood (1973),Animation|Children's
3398,341,3.504398826979472,"Muppets Take Manhattan, The (1984)",Children's|Comedy
531,338,3.769230769230769,"Secret Garden, The (1993)",Children's|Drama
492,335,3.719402985074627,Manhattan Murder Mystery (1993),Comedy|Mystery
306,334,4.227544910179641,Three Colors: Red (1994),Drama
2312,331,3.8277945619335347,Children of a Lesser God (1986),Drama
1300,330,4.1454545454545455,My Life as a Dog (Mitt liv som hund) (1985),Drama
2390,330,3.690909090909091,Little Voice (1998),Comedy
222,329,3.547112462006079,Circle of Friends (1995),Drama|Romance
3271,328,3.847560975609756,Of Mice and Men (1992),Drama
3556,328,3.6310975609756095,"Virgin Suicides, The (1999)",Comedy|Drama
3265,327,4.137614678899083,Hard-Boiled (Lashou shentan) (1992),Action|Crime
3071,327,3.764525993883792,Stand and Deliver (1987),Drama
3198,325,4.073846153846154,Papillon (1973),Drama
1243,325,3.9846153846153847,Rosencrantz and Guildenstern Are Dead (1990),Comedy|Drama
2303,325,3.92,Nashville (1975),Drama|Musical
3681,325,3.916923076923077,For a Few Dollars More (1965),Western
2467,324,3.9012345679012346,"Name of the Rose, The (1986)",Mystery
3244,322,3.6956521739130435,"Goodbye Girl, The (1977)",Comedy|Romance
1672,321,3.5700934579439254,"Rainmaker, The (1997)",Drama
2318,320,3.903125,Happiness (1998),Comedy
3494,320,3.7375,True Grit (1969),Adventure|Western
2819,319,4.040752351097178,Three Days of the Condor (1975),Thriller
69,319,3.6551724137931036,Friday (1995),Comedy
125,318,3.8333333333333335,Flirting With Disaster (1996),Comedy
2921,317,3.8832807570977916,High Plains Drifter (1972),Western
2971,317,3.823343848580442,All That Jazz (1979),Musical
2282,316,3.518987341772152,Pecker (1998),Comedy|Drama
538,315,3.8222222222222224,Six Degrees of Separation (1993),Drama
741,314,4.089171974522293,Ghost in the Shell (Kokaku kidotai) (1995),Animation|Sci-Fi
3328,314,3.843949044585987,Ghost Dog: The Way of the Samurai (1999),Crime|Drama
475,312,3.9006410256410255,In the Name of the Father (1993),Drama
2401,312,3.769230769230769,Pale Rider (1985),Western
1303,310,4.129032258064516,"Man Who Would Be King, The (1975)",Adventure
1260,308,4.3019480519480515,M (1931),Crime|Film-Noir|Thriller
507,308,3.522727272727273,"Perfect World, A (1993)",Action|Drama
1594,307,3.778501628664495,In the Company of Men (1997),Drama
678,306,4.245098039215686,Some Folks Call It a Sling Blade (1993),Drama|Thriller
911,306,4.183006535947713,Charade (1963),Comedy|Mystery|Romance|Thriller
3462,305,4.2360655737704915,Modern Times (1936),Comedy
2138,305,3.8426229508196723,Watership Down (1978),Animation|Children's|Drama|Fantasy
3871,305,3.839344262295082,Shane (1953),Drama|Western
3949,304,4.115131578947368,Requiem for a Dream (2000),Drama
2130,304,3.8322368421052633,Atlantic City (1980),Crime|Drama|Romance
3163,304,3.7039473684210527,Topsy-Turvy (1999),Drama
934,304,3.6578947368421053,Father of the Bride (1950),Comedy
2348,304,3.5526315789473686,Sid and Nancy (1986),Drama
1688,304,3.5032894736842106,Anastasia (1997),Animation|Children's|Musical
921,302,3.8940397350993377,My Favorite Year (1982),Comedy
1964,302,3.80794701986755,Klute (1971),Drama|Mystery
535,301,3.8172757475083055,Short Cuts (1993),Drama
1845,301,3.750830564784053,Zero Effect (1998),Comedy|Thriller
1012,301,3.7043189368770766,Old Yeller (1957),Children's|Drama
314,300,3.85,"Secret of Roan Inish, The (1994)",Drama
3189,300,3.6433333333333335,My Dog Skip (1999),Comedy
1237,299,4.230769230769231,"Seventh Seal, The (Sjunde inseglet, Det) (1957)",Drama
493,298,3.6073825503355703,Menace II Society (1993),Action|Crime|Drama
2132,297,4.074074074074074,Who's Afraid of Virginia Woolf? (1966),Drama
3007,295,4.013559322033898,American Movie (1999),Documentary
3498,295,4.0067796610169495,Midnight Express (1978),Drama
412,295,3.559322033898305,"Age of Innocence, The (1993)",Drama
1025,293,3.6109215017064846,"Sword in the Stone, The (1963)",Animation|Children's
950,292,4.239726027397261,"Thin Man, The (1934)",Mystery
942,292,4.2020547945205475,Laura (1944),Crime|Film-Noir|Mystery
2946,291,3.7731958762886597,Help! (1965),Comedy|Musical
3733,289,3.837370242214533,"Paper Chase, The (1973)",Drama
3129,288,3.701388888888889,Sweet and Lowdown (1999),Comedy|Drama
534,286,3.835664335664336,Shadowlands (1993),Drama|Romance
2750,285,3.6982456140350877,Radio Days (1987),Comedy|Drama
261,285,3.6491228070175437,Little Women (1994),Drama
1286,285,3.585964912280702,Somewhere in Time (1980),Drama|Romance
3812,285,3.557894736842105,Everything You Always Wanted to Know About Sex (1972),Comedy
3576,284,3.683098591549296,"Hidden, The (1987)",Action|Horror|Sci-Fi
3873,280,3.6678571428571427,Cat Ballou (1965),Comedy|Western
2941,280,3.6142857142857143,South Pacific (1958),Musical|Romance|War
2764,280,3.6,"Thomas Crown Affair, The (1968)",Crime|Drama|Thriller
3467,279,4.021505376344086,Hud (1963),Drama|Western
2117,278,3.7194244604316546,Nineteen Eighty-Four (1984),Drama|Sci-Fi
1147,277,4.32129963898917,When We Were Kings (1996),Documentary
1280,277,4.1732851985559565,Raise the Red Lantern (1991),Drama
2883,277,3.5487364620938626,Mumford (1999),Comedy
3384,276,3.800724637681159,"Taking of Pelham One Two Three, The (1974)",Action
1017,276,3.5869565217391304,Swiss Family Robinson (1960),Adventure|Children's
3629,275,4.189090909090909,"Gold Rush, The (1925)",Comedy
3061,275,3.88,Holiday Inn (1942),Comedy|Musical
3429,274,4.335766423357664,Creature Comforts (1990),Animation|Comedy
3548,274,3.835766423357664,Auntie Mame (1958),Comedy|Drama
1057,274,3.5583941605839415,Everyone Says I Love You (1996),Comedy|Musical|Romance
319,273,3.8937728937728937,Shallow Grave (1994),Thriller
861,273,3.5128205128205128,Supercop (1992),Action|Thriller
3307,271,4.387453874538745,City Lights (1931),Comedy|Drama|Romance
971,271,4.047970479704797,Cat on a Hot Tin Roof (1958),Drama
3675,271,3.8265682656826567,White Christmas (1954),Musical
1189,269,4.25278810408922,"Thin Blue Line, The (1988)",Documentary
3723,269,3.7286245353159853,Hamlet (1990),Drama
952,269,3.6022304832713754,Around the World in 80 Days (1956),Adventure|Comedy
3501,269,3.546468401486989,Murphy's Romance (1985),Comedy|Romance
3469,268,4.279850746268656,Inherit the Wind (1960),Drama
1927,268,4.1940298507462686,All Quiet on the Western Front (1930),War
1354,267,3.8239700374531833,Breaking the Waves (1996),Drama
1633,266,3.661654135338346,Ulee's Gold (1997),Drama
1295,266,3.5676691729323307,"Unbearable Lightness of Being, The (1988)",Drama
1643,265,3.8754716981132074,"Mrs. Brown (Her Majesty, Mrs. Brown) (1997)",Drama|Romance
3366,265,3.811320754716981,Where Eagles Dare (1969),Action|Adventure|War
599,264,4.087121212121212,"Wild Bunch, The (1969)",Western
2070,264,3.9053030303030303,Tender Mercies (1983),Drama
428,263,3.931558935361217,"Bronx Tale, A (1993)",Drama
2083,262,3.6068702290076335,"Muppet Christmas Carol, The (1992)",Children's|Musical
249,261,3.7586206896551726,Immortal Beloved (1994),Drama|Romance
3549,260,3.792307692307692,Guys and Dolls (1955),Musical
1873,259,3.7606177606177607,"Misérables, Les (1998)",Drama
373,258,3.856589147286822,Red Rock West (1992),Thriller
3153,258,3.616279069767442,"7th Voyage of Sinbad, The (1958)",Action|Adventure|Fantasy
1013,258,3.565891472868217,"Parent Trap, The (1961)",Children's|Drama
1264,257,4.054474708171206,Diva (1981),Action|Drama|Mystery|Romance|Thriller
2114,256,3.6875,"Outsiders, The (1983)",Drama
446,254,4.082677165354331,Farewell My Concubine (1993),Drama|Romance
2022,254,3.531496062992126,"Last Temptation of Christ, The (1988)",Drama
965,253,4.075098814229249,"39 Steps, The (1935)",Thriller
101,253,3.869565217391304,Bottle Rocket (1996),Comedy
3169,253,3.513833992094862,"Falcon and the Snowman, The (1984)",Drama
3089,252,4.357142857142857,"Bicycle Thief, The (Ladri di biciclette) (1948)",Drama
1963,252,4.051587301587301,Take the Money and Run (1969),Comedy
945,251,4.147410358565737,Top Hat (1935),Comedy|Musical|Romance
3788,246,3.8089430894308944,Blowup (1966),Drama|Mystery
3700,246,3.5853658536585367,"Brother from Another Planet, The (1984)",Drama|Sci-Fi
3365,245,4.085714285714285,"Searchers, The (1956)",Western
3819,245,4.024489795918368,Tampopo (1986),Comedy
1218,244,4.19672131147541,"Killer, The (Die xue shuang xiong) (1989)",Action|Thriller
3102,244,3.6434426229508197,Jagged Edge (1985),Thriller
307,243,4.098765432098766,Three Colors: Blue (1993),Drama
1211,242,4.1115702479338845,Wings of Desire (Der Himmel über Berlin) (1987),Comedy|Drama|Romance
41,242,3.958677685950413,Richard III (1995),Drama|War
3741,241,4.078838174273859,Badlands (1973),Crime|Drama
1227,241,3.863070539419087,Once Upon a Time in America (1984),Crime|Drama|Thriller
2922,241,3.7468879668049793,Hang 'em High (1967),Western
2859,239,4.2343096234309625,Stop Making Sense (1984),Documentary
1348,238,3.991596638655462,"Nosferatu (Nosferatu, eine Symphonie des Grauens) (1922)",Horror
2644,238,3.827731092436975,Dracula (1931),Horror
1542,238,3.542016806722689,Brassed Off (1996),Comedy|Drama|Romance
2240,238,3.508403361344538,My Bodyguard (1980),Drama
1939,236,4.122881355932203,"Best Years of Our Lives, The (1946)",Drama|War
3783,235,4.029787234042553,Croupier (1998),Crime|Drama
233,235,3.6127659574468085,Exotica (1994),Drama
2583,235,3.608510638297872,Cookie's Fortune (1999),Mystery
3742,234,3.97008547008547,"Battleship Potemkin, The (Bronenosets Potyomkin) (1925)",Drama|War
2203,233,4.2703862660944205,Shadow of a Doubt (1943),Film-Noir|Thriller
281,233,3.648068669527897,Nobody's Fool (1994),Drama
3932,232,3.75,"Invisible Man, The (1933)",Horror|Sci-Fi
986,232,3.603448275862069,Fly Away Home (1996),Adventure|Children's
3213,232,3.560344827586207,Batman: Mask of the Phantasm (1993),Animation|Children's
1178,230,4.473913043478261,Paths of Glory (1957),Drama|War
2677,230,4.056521739130435,Buena Vista Social Club (1999),Documentary
1290,230,3.591304347826087,Some Kind of Wonderful (1987),Drama|Romance
2745,229,3.8951965065502185,"Mission, The (1986)",Drama
1251,228,4.105263157894737,8 1/2 (1963),Drama
448,228,3.6008771929824563,Fearless (1993),Drama
3516,227,3.7665198237885464,"Bell, Book and Candle (1958)",Comedy|Romance
1615,227,3.6211453744493394,"Edge, The (1997)",Adventure|Thriller
1226,226,4.053097345132743,"Quiet Man, The (1952)",Comedy|Romance
1931,225,4.0311111111111115,Mutiny on the Bounty (1935),Adventure
2693,224,3.857142857142857,Trekkies (1997),Documentary
73,224,3.8169642857142856,"Misérables, Les (1995)",Drama|Musical
3032,224,3.5401785714285716,"Omega Man, The (1971)",Sci-Fi
3342,223,3.8565022421524664,Birdy (1984),Drama|War
3546,223,3.7219730941704037,What Ever Happened to Baby Jane? (1962),Drama|Thriller
3074,222,3.7882882882882885,Jeremiah Johnson (1972),Western
1023,221,3.986425339366516,Winnie the Pooh and the Blustery Day (1968),Animation|Children's
2099,221,3.6018099547511313,Song of the South (1946),Adventure|Animation|Children's|Musical
1132,220,4.259090909090909,Manon of the Spring (Manon des sources) (1986),Drama
2670,220,4.0,"Run Silent, Run Deep (1958)",War
1949,219,4.232876712328767,"Man for All Seasons, A (1966)",Drama
3814,219,4.0228310502283104,Love and Death (1975),Comedy
1392,219,3.73972602739726,Citizen Ruth (1996),Comedy|Drama
3466,219,3.547945205479452,Heart and Souls (1993),Comedy|Fantasy
1683,218,3.761467889908257,"Wings of the Dove, The (1997)",Drama|Romance|Thriller
728,217,3.7649769585253456,Cold Comfort Farm (1995),Comedy
1131,216,4.324074074074074,Jean de Florette (1986),Drama
1281,216,4.032407407407407,"Great Dictator, The (1940)",Comedy
1340,216,3.912037037037037,Bride of Frankenstein (1935),Horror
3030,215,4.404651162790698,Yojimbo (1961),Comedy|Drama|Western
2357,215,4.283720930232558,Central Station (Central do Brasil) (1998),Drama
949,215,3.9767441860465116,East of Eden (1955),Drama
2202,213,3.943661971830986,Lifeboat (1944),Drama|Thriller|War
194,213,3.755868544600939,Smoke (1995),Drama
3111,213,3.699530516431925,Places in the Heart (1984),Drama
1951,213,3.6948356807511735,Oliver! (1968),Musical
3347,212,3.981132075471698,Never Cry Wolf (1983),Drama
280,212,3.5707547169811322,Murder in the First (1995),Drama|Thriller
3682,210,3.6904761904761907,Magnum Force (1973),Western
322,209,3.712918660287081,Swimming with Sharks (1995),Comedy|Drama
3093,208,3.6971153846153846,McCabe & Mrs. Miller (1971),Drama|Western
3852,208,3.6971153846153846,"Tao of Steve, The (2000)",Comedy
3022,206,4.368932038834951,"General, The (1927)",Comedy
3097,206,4.038834951456311,"Shop Around the Corner, The (1940)",Comedy|Romance
931,206,3.912621359223301,Spellbound (1945),Mystery|Romance|Thriller
1946,205,3.975609756097561,Marty (1955),Drama|Romance
176,205,3.9170731707317072,Living in Oblivion (1995),Comedy
3204,204,3.661764705882353,"Boys from Brazil, The (1978)",Thriller
3296,203,3.793103448275862,To Sir with Love (1967),Drama
308,202,3.9653465346534653,Three Colors: White (1994),Drama
2236,202,3.608910891089109,Simon Birch (1998),Drama
2729,201,3.8656716417910446,Lolita (1962),Drama
1734,201,3.825870646766169,My Life in Pink (Ma vie en rose) (1997),Comedy|Drama
3910,200,3.82,Dancer in the Dark (2000),Drama|Musical
3125,200,3.515,"End of the Affair, The (1999)",Drama
3801,199,4.231155778894473,Anatomy of a Murder (1959),Drama|Mystery
2208,199,4.185929648241206,"Lady Vanishes, The (1938)",Comedy|Mystery|Romance|Thriller
3420,199,3.71356783919598,...And Justice for All (1979),Drama|Thriller
2866,199,3.6884422110552766,"Buddy Holly Story, The (1978)",Drama
1948,198,3.8585858585858586,Tom Jones (1963),Comedy
1966,198,3.6464646464646466,Metropolitan (1990),Comedy
2439,198,3.611111111111111,Affliction (1997),Drama
2171,196,3.688775510204082,"Next Stop, Wonderland (1998)",Comedy|Drama|Romance
3135,195,3.948717948717949,"Great Santini, The (1979)",Drama
3724,195,3.717948717948718,Coming Home (1978),Drama|War
1099,194,3.9896907216494846,"Christmas Carol, A (1938)",Drama
1279,194,3.747422680412371,Night on Earth (1991),Comedy|Drama
3066,194,3.7010309278350517,Tora! Tora! Tora! (1970),War
2870,193,3.5906735751295336,Barefoot in the Park (1967),Comedy
2176,191,3.8952879581151834,Rope (1948),Thriller
1446,189,4.052910052910053,Kolya (1996),Comedy
932,189,3.9523809523809526,"Affair to Remember, An (1957)",Romance
1649,189,3.8518518518518516,"Fast, Cheap & Out of Control (1997)",Documentary
918,189,3.7936507936507935,Meet Me in St. Louis (1944),Musical
947,188,4.1063829787234045,My Man Godfrey (1936),Comedy
3521,188,3.877659574468085,Mystery Train (1989),Comedy|Crime|Drama
2731,187,4.320855614973262,"400 Blows, The (Les Quatre cents coups) (1959)",Drama
906,187,4.096256684491979,Gaslight (1944),Mystery|Thriller
938,187,3.620320855614973,Gigi (1958),Musical
2952,186,3.747311827956989,"Hard 8 (a.k.a. Sydney, a.k.a. Hard Eight) (1996)",Crime|Thriller
3831,186,3.7204301075268815,Saving Grace (2000),Comedy
2550,183,3.5027322404371586,"Haunting, The (1963)",Horror|Thriller
1289,182,3.9725274725274726,Koyaanisqatsi (1983),Documentary|War
94,182,3.7252747252747254,Beautiful Girls (1996),Drama
147,181,3.541436464088398,"Basketball Diaries, The (1995)",Drama
28,179,4.055865921787709,Persuasion (1995),Romance
2183,179,3.9329608938547485,"Man Who Knew Too Much, The (1956)",Thriller
1660,179,3.569832402234637,Eve's Bayou (1997),Drama
3090,177,4.141242937853107,Matewan (1987),Drama
3341,177,4.03954802259887,Born Yesterday (1950),Comedy
1730,176,3.727272727272727,Kundun (1997),Drama
3538,176,3.664772727272727,East is East (1999),Comedy
482,176,3.528409090909091,Killing Zoe (1994),Thriller
1066,175,4.1657142857142855,Shall We Dance? (1937),Comedy|Musical|Romance
901,174,3.6436781609195403,Funny Face (1957),Comedy|Musical
1209,173,4.023121387283237,Once Upon a Time in the West (1969),Western
262,172,3.872093023255814,"Little Princess, A (1995)",Children's|Drama
3200,172,3.8488372093023258,"Last Detail, The (1973)",Comedy|Drama
943,171,3.982456140350877,"Ghost and Mrs. Muir, The (1947)",Drama|Romance
2071,171,3.9298245614035086,And the Band Played On (1993),Drama
991,170,3.523529411764706,Michael Collins (1996),Drama|War
3606,169,3.940828402366864,On the Town (1949),Musical
1034,169,3.6449704142011834,Freeway (1996),Crime
2730,169,3.5502958579881656,Barry Lyndon (1975),Drama
290,168,3.9166666666666665,Once Were Warriors (1994),Crime|Drama
154,168,3.7261904761904763,Belle de jour (1967),Drama
1414,168,3.5952380952380953,Mother (1996),Comedy
2206,167,4.0119760479041915,Suspicion (1941),Mystery|Thriller
1797,167,4.005988023952096,Everest (1998),Documentary
1913,167,3.8263473053892216,Picnic at Hanging Rock (1975),Drama|Mystery
2349,167,3.6107784431137726,Mona Lisa (1986),Comedy|Thriller
3167,166,3.6325301204819276,Carnal Knowledge (1971),Drama
3134,165,4.33939393939394,"Grand Illusion (Grande illusion, La) (1937)",Drama|War
3634,165,4.254545454545455,Seven Days in May (1964),Thriller
2852,164,3.7378048780487805,"Soldier's Story, A (1984)",Drama
1083,164,3.5304878048780486,"Great Race, The (1965)",Comedy|Musical
3181,163,3.7116564417177913,Titus (1999),Drama
2633,162,3.537037037037037,"Mummy, The (1932)",Horror|Romance
1401,162,3.506172839506173,Ghosts of Mississippi (1996),Drama
2936,161,4.093167701863354,Sullivan's Travels (1942),Comedy
946,161,3.8509316770186337,To Be or Not to Be (1942),Comedy|Drama|War
2442,160,3.825,Hilary and Jackie (1998),Drama
215,160,3.80625,Before Sunrise (1995),Drama|Romance
2943,160,3.78125,Indochine (1992),Drama|Romance
1361,159,4.213836477987422,Paradise Lost: The Child Murders at Robin Hood Hills (1996),Documentary
1150,158,3.930379746835443,"Return of Martin Guerre, The (Retour de Martin Guerre, Le) (1982)",Drama
549,157,3.821656050955414,Thirty-Two Short Films About Glenn Gould (1993),Documentary
3789,156,4.198717948717949,"Pawnbroker, The (1965)",Drama
3078,155,3.6516129032258067,Liberty Heights (1999),Drama
3480,155,3.6258064516129034,Lucas (1986),Drama
1699,155,3.503225806451613,"Butcher Boy, The (1998)",Drama
1082,154,3.7012987012987013,"Candidate, The (1972)",Drama
3266,154,3.655844155844156,Man Bites Dog (C'est arrivé près de chez vous) (1992),Action|Comedy|Crime|Drama
714,153,3.888888888888889,Dead Man (1995),Western
14,153,3.542483660130719,Nixon (1995),Drama
892,152,3.861842105263158,Twelfth Night (1996),Comedy|Drama|Romance
3364,151,3.9271523178807946,"Asphalt Jungle, The (1950)",Crime|Film-Noir
3653,149,3.791946308724832,"Endless Summer, The (1966)",Documentary
3011,149,3.610738255033557,"They Shoot Horses, Don't They? (1969)",Drama
2732,148,3.97972972972973,Jules and Jim (Jules et Jim) (1961),Drama
3728,148,3.9594594594594597,One False Move (1991),Thriller
3747,148,3.75,Jesus' Son (1999),Drama
3727,148,3.7094594594594597,Near Dark (1987),Comedy|Horror
1177,147,3.993197278911565,Enchanted April (1991),Drama
3929,147,3.993197278911565,"Bank Dick, The (1940)",Comedy
1187,147,3.6598639455782314,Passion Fish (1992),Drama
2184,147,3.598639455782313,"Trouble with Harry, The (1955)",Mystery|Thriller
1273,146,3.9657534246575343,Down by Law (1986),Comedy|Drama
2611,146,3.910958904109589,"Winslow Boy, The (1998)",Drama
1050,146,3.8219178082191783,Looking for Richard (1996),Documentary|Drama
2935,145,4.1931034482758625,"Lady Eve, The (1941)",Comedy|Romance
3079,145,3.882758620689655,Mansfield Park (1999),Drama
3405,144,3.875,"Night to Remember, A (1958)",Action|Drama
2166,144,3.5208333333333335,Return to Paradise (1998),Drama|Romance
3350,143,3.972027972027972,"Raisin in the Sun, A (1961)",Drama
299,143,3.664335664335664,Priest (1994),Drama
2370,142,3.5140845070422535,"Emerald Forest, The (1985)",Action|Adventure|Drama
3091,141,4.283687943262412,Kagemusha (1980),Drama|War
581,141,4.049645390070922,"Celluloid Closet, The (1995)",Documentary
2575,141,4.0,"Dreamlife of Angels, The (La Vie rêvée des anges) (1998)",Drama
2069,140,3.7857142857142856,"Trip to Bountiful, The (1985)",Drama
3028,139,3.762589928057554,"Taming of the Shrew, The (1967)",Comedy
2596,139,3.618705035971223,SLC Punk! (1998),Comedy|Drama
2612,136,4.088235294117647,Mildred Pierce (1945),Drama
1419,136,3.963235294117647,Walkabout (1971),Drama
1306,136,3.6029411764705883,Until the End of the World (Bis ans Ende der Welt) (1991),Drama|Sci-Fi
2660,135,3.8962962962962964,"Thing From Another World, The (1951)",Sci-Fi
2757,135,3.8222222222222224,Frances (1982),Drama
3475,134,3.962686567164179,"Place in the Sun, A (1951)",Drama|Romance
2310,134,3.798507462686567,"Mighty, The (1998)",Drama
2654,134,3.7611940298507465,"Wolf Man, The (1941)",Horror
3327,134,3.529850746268657,Beyond the Mat (2000),Documentary
2924,133,3.9097744360902253,Drunken Master (Zui quan) (1979),Action|Comedy
1897,133,3.5037593984962405,High Art (1998),Drama|Romance
556,132,4.2272727272727275,"War Room, The (1993)",Documentary
936,132,4.075757575757576,Ninotchka (1939),Comedy|Romance
1190,132,3.507575757575758,Tie Me Up! Tie Me Down! (1990),Drama
1085,131,3.7786259541984735,"Old Man and the Sea, The (1958)",Adventure|Drama
2726,130,4.1692307692307695,"Killing, The (1956)",Crime|Film-Noir
948,130,3.753846153846154,Giant (1956),Drama
1176,129,3.937984496124031,"Double Life of Veronique, The (La Double Vie de Véronique) (1991)",Drama
2068,128,3.8828125,Fanny and Alexander (1982),Drama
2212,128,3.8359375,"Man Who Knew Too Much, The (1934)",Thriller
2967,127,3.748031496062992,"Bad Seed, The (1956)",Drama|Thriller
3915,127,3.5118110236220472,Girlfight (2000),Drama
2443,126,3.5952380952380953,Playing by Heart (1998),Drama|Romance
3182,124,3.9596774193548385,Mr. Death: The Rise and Fall of Fred A. Leuchter Jr. (1999),Documentary
3925,124,3.8548387096774195,Stranger Than Paradise (1984),Comedy
1484,124,3.7016129032258065,"Daytrippers, The (1996)",Mystery
213,123,4.056910569105691,Burnt By the Sun (Utomlyonnye solntsem) (1994),Drama
1938,122,3.9098360655737703,"Lost Weekend, The (1945)",Drama
3604,122,3.69672131147541,Gypsy (1962),Musical
2436,122,3.5901639344262297,Tea with Mussolini (1999),Comedy
1305,121,3.793388429752066,"Paris, Texas (1984)",Drama
627,121,3.603305785123967,"Last Supper, The (1995)",Drama|Thriller
346,120,3.525,Backbeat (1993),Drama|Musical
1942,119,4.033613445378151,All the King's Men (1949),Drama
2932,118,3.957627118644068,Days of Heaven (1978),Drama
2181,118,3.5677966101694913,Marnie (1964),Thriller
2360,117,4.3076923076923075,"Celebration, The (Festen) (1998)",Drama
199,117,3.8119658119658117,"Umbrellas of Cherbourg, The (Parapluies de Cherbourg, Les) (1964)",Drama|Musical
523,117,3.658119658119658,Ruby in Paradise (1993),Drama
2899,117,3.547008547008547,Gulliver's Travels (1939),Adventure|Animation|Children's
123,115,3.869565217391304,Chungking Express (1994),Drama|Mystery|Romance
334,114,3.8596491228070176,Vanya on 42nd Street (1994),Drama
1941,113,3.8053097345132745,Hamlet (1948),Drama
3936,112,3.7232142857142856,"Phantom of the Opera, The (1943)",Drama|Thriller
2351,111,4.207207207207207,Nights of Cabiria (Le Notti di Cabiria) (1957),Drama
1069,110,3.9272727272727272,"Murder, My Sweet (1944)",Film-Noir|Thriller
2173,110,3.5636363636363635,"Navigator: A Mediaeval Odyssey, The (1988)",Adventure|Fantasy|Sci-Fi
3330,108,3.759259259259259,Splendor in the Grass (1961),Drama
2988,108,3.638888888888889,Melvin and Howard (1980),Drama
1935,107,4.02803738317757,How Green Was My Valley (1941),Drama
2940,107,4.009345794392523,Gilda (1946),Film-Noir
2669,107,3.7383177570093458,Pork Chop Hill (1959),War
2782,107,3.5046728971962615,Pit and the Pendulum (1961),Horror
2066,106,4.150943396226415,Out of the Past (1947),Film-Noir
1192,105,4.0285714285714285,Paris Is Burning (1990),Documentary
907,105,3.9238095238095236,"Gay Divorcee, The (1934)",Comedy|Musical|Romance
3406,105,3.7523809523809524,Captain Horatio Hornblower (1951),Action|Adventure|War
941,105,3.704761904761905,"Mark of Zorro, The (1940)",Adventure
425,105,3.6095238095238096,Blue Sky (1994),Drama|Romance
2937,104,4.288461538461538,"Palm Beach Story, The (1942)",Comedy
3357,103,3.766990291262136,East-West (Est-ouest) (1999),Drama|Romance
3599,103,3.6310679611650487,Anchors Aweigh (1945),Comedy|Musical
2624,102,4.088235294117647,After Life (1998),Drama
1827,102,4.0,"Big One, The (1997)",Comedy|Documentary
3872,102,3.8333333333333335,"Suddenly, Last Summer (1959)",Drama
2570,102,3.5980392156862746,"Walk on the Moon, A (1999)",Drama|Romance
3094,101,3.8514851485148514,Maurice (1987),Drama|Romance
2920,100,4.19,Children of Paradise (Les enfants du paradis) (1945),Drama|Romance
1362,100,4.03,"Garden of Finzi-Contini, The (Giardino dei Finzi-Contini, Il) (1970)",Drama
978,100,3.94,"Blue Angel, The (Blaue Engel, Der) (1930)",Drama
190,100,3.75,Safe (1995),Thriller
1758,100,3.65,Dangerous Beauty (1998),Drama
766,100,3.57,I Shot Andy Warhol (1996),Drama
26,100,3.53,Othello (1995),Drama
2927,99,4.08080808080808,Brief Encounter (1946),Drama|Romance
2970,98,3.9591836734693877,Fitzcarraldo (1982),Adventure|Drama
897,98,3.7551020408163267,For Whom the Bell Tolls (1943),Adventure|War
2495,98,3.6020408163265305,"Fantastic Planet, The (La Planète sauvage) (1973)",Animation|Sci-Fi
2182,98,3.5816326530612246,"Wrong Man, The (1956)",Drama|Film-Noir|Thriller
3726,98,3.5714285714285716,Assault on Precinct 13 (1976),Action|Thriller
944,97,3.7938144329896906,Lost Horizon (1937),Drama
2239,97,3.7422680412371134,Swept Away (Travolti da un insolito destino nell'azzurro mare d'Agosto) (1975),Comedy|Drama
388,97,3.6391752577319587,Boys Life (1995),Drama
1162,96,3.90625,"Ruling Class, The (1972)",Comedy
3379,95,3.9473684210526314,On the Beach (1959),Drama
2725,95,3.7473684210526317,Twin Falls Idaho (1999),Drama
2347,95,3.736842105263158,"Pope of Greenwich Village, The (1984)",Action
2178,95,3.663157894736842,Frenzy (1972),Thriller
1111,94,4.095744680851064,Microcosmos (Microcosmos: Le peuple de l'herbe) (1996),Documentary
1161,94,3.9468085106382977,"Tin Drum, The (Blechtrommel, Die) (1979)",Drama
3613,94,3.75531914893617,Things Change (1988),Comedy
501,94,3.606382978723404,Naked (1993),Drama
456,93,4.0,Fresh (1994),Drama
3096,93,3.956989247311828,My Man Godfrey (1957),Comedy
929,93,3.78494623655914,Foreign Correspondent (1940),Thriller
3076,93,3.7096774193548385,Irma la Douce (1963),Comedy
72,93,3.6344086021505375,Kicking and Screaming (1995),Comedy|Drama
171,93,3.5698924731182795,Jeffrey (1995),Comedy
3470,92,4.326086956521739,Dersu Uzala (1974),Adventure|Drama
2330,92,4.163043478260869,Hands on a Hard Body (1996),Documentary
3275,92,3.619565217391304,"Boondock Saints, The (1999)",Action|Comedy
1788,91,3.956043956043956,Men With Guns (1997),Action|Drama
2969,91,3.912087912087912,"Man and a Woman, A (Un Homme et une Femme) (1966)",Drama|Romance
1940,91,3.89010989010989,Gentleman's Agreement (1947),Drama
1184,91,3.802197802197802,Mediterraneo (1991),Comedy|War
2801,91,3.5164835164835164,Oscar and Lucinda (a.k.a. Oscar & Lucinda) (1997),Drama|Romance
1236,90,4.188888888888889,Trust (1990),Comedy|Drama
1046,90,4.066666666666666,Beautiful Thing (1996),Drama|Romance
3678,90,3.7555555555555555,"Man with the Golden Arm, The (1955)",Drama
82,89,3.8764044943820224,Antonia's Line (Antonia) (1995),Drama
2204,89,3.8202247191011236,Saboteur (1942),Thriller
3077,88,4.2272727272727275,42 Up (1998),Documentary
2682,88,4.056818181818182,Limbo (1999),Drama
3502,88,3.5113636363636362,My Life (1993),Drama
3720,87,3.6666666666666665,Sunshine (1999),Drama
1216,87,3.6551724137931036,"Big Blue, The (Le Grand Bleu) (1988)",Adventure|Romance
302,86,3.813953488372093,Queen Margot (La Reine Margot) (1994),Drama|Romance
2488,85,3.8588235294117648,Peeping Tom (1960),Drama|Horror|Thriller
2721,85,3.764705882352941,Trick (1999),Romance
3713,85,3.7411764705882353,"Long Walk Home, The (1990)",Drama
2437,85,3.6470588235294117,Wilde (1997),Drama
205,85,3.611764705882353,Unstrung Heroes (1995),Comedy|Drama
927,84,3.9761904761904763,"Women, The (1939)",Comedy
3622,84,3.8333333333333335,"Twelve Chairs, The (1970)",Comedy
1929,84,3.7857142857142856,Grand Hotel (1932),Drama
522,83,3.566265060240964,Romper Stomper (1992),Action|Drama
973,82,3.9146341463414633,Meet John Doe (1941),Drama
1936,82,3.8780487804878048,Mrs. Miniver (1942),Drama|War
3859,82,3.8780487804878048,"Eyes of Tammy Faye, The (2000)",Documentary
2511,82,3.8658536585365852,"Long Goodbye, The (1973)",Crime
206,82,3.6707317073170733,Unzipped (1995),Documentary
613,82,3.6341463414634148,Jane Eyre (1996),Drama|Romance
2983,81,3.9876543209876543,"Ipcress File, The (1965)",Thriller
2075,81,3.740740740740741,Mephisto (1981),Drama|War
2696,81,3.691358024691358,"Dinner Game, The (Le Dîner de cons) (1998)",Comedy
982,81,3.6790123456790123,Picnic (1955),Drama
3086,81,3.580246913580247,March of the Wooden Soldiers (a.k.a. Laurel & Hardy in Toyland) (1934),Comedy
117,79,3.632911392405063,"Young Poisoner's Handbook, The (1995)",Crime
3230,78,3.6666666666666665,"Odessa File, The (1974)",Thriller
3224,77,4.0519480519480515,Woman in the Dunes (Suna no onna) (1964),Drama
1934,77,4.012987012987013,You Can't Take It With You (1938),Comedy
2238,77,3.831168831168831,Seven Beauties (Pasqualino Settebellezze) (1976),Comedy|Drama
3547,77,3.792207792207792,Prick Up Your Ears (1987),Drama
917,77,3.675324675324675,"Little Princess, The (1939)",Children's|Drama
635,77,3.6233766233766236,"Family Thing, A (1996)",Comedy|Drama
2029,76,3.6710526315789473,Billy's Hollywood Screen Kiss (1997),Comedy|Romance
3038,74,4.202702702702703,"Face in the Crowd, A (1957)",Drama
2295,74,3.810810810810811,"Impostors, The (1998)",Comedy
483,74,3.7432432432432434,King of the Hill (1993),Drama
30,74,3.6486486486486487,Shanghai Triad (Yao a yao yao dao waipo qiao) (1995),Drama
1545,73,4.068493150684931,Ponette (1996),Drama
3417,73,3.589041095890411,"Crimson Pirate, The (1952)",Adventure|Comedy|Sci-Fi
3447,72,3.7222222222222223,"Good Earth, The (1937)",Drama
1202,72,3.611111111111111,Withnail and I (1987),Comedy
3792,72,3.5555555555555554,Duel in the Sun (1946),Western
1870,72,3.513888888888889,"Dancer, Texas Pop. 81 (1998)",Comedy|Drama
449,71,3.6619718309859155,Fear of a Black Hat (1993),Comedy
935,71,3.6338028169014085,"Band Wagon, The (1953)",Comedy|Musical
3822,70,3.757142857142857,"Girl on the Bridge, The (La Fille sur le Pont) (1999)",Drama|Romance
2276,70,3.7142857142857144,"Soldier's Daughter Never Cries, A (1998)",Drama
2905,69,4.608695652173913,Sanjuro (1962),Action|Adventure
3075,69,3.9855072463768115,Repulsion (1965),Thriller
3746,69,3.8550724637681157,Butterfly (La Lengua de las Mariposas) (2000),Drama|War
893,69,3.6956521739130435,Mother Night (1996),Drama
2621,69,3.652173913043478,Xiu Xiu: The Sent-Down Girl (Tian yu) (1998),Drama|Romance
3658,69,3.652173913043478,Quatermass and the Pit (1967),Sci-Fi
2607,68,4.088235294117647,Get Real (1998),Drama
3487,68,3.7205882352941178,"Dorado, El (1967)",Western
2774,68,3.514705882352941,Better Than Chocolate (1999),Comedy|Romance
2609,67,4.223880597014926,"King of Masks, The (Bian Lian) (1996)",Drama
615,67,4.044776119402985,Bread and Chocolate (Pane e cioccolata) (1973),Drama
2874,67,3.5223880597014925,"Pajama Game, The (1957)",Comedy
3920,66,3.712121212121212,"Faraway, So Close (In Weiter Ferne, So Nah!) (1993)",Drama|Fantasy
2073,66,3.6666666666666665,Fandango (1985),Comedy
3823,66,3.590909090909091,Wonderland (1999),Drama
156,66,3.5606060606060606,Blue in the Face (1995),Comedy
3118,66,3.5303030303030303,Tumbleweeds (1999),Drama
3211,66,3.515151515151515,"Cry in the Dark, A (1988)",Drama
2972,65,4.015384615384615,Red Sorghum (Hong Gao Liang) (1987),Drama|War
3456,65,3.9384615384615387,"Color of Paradise, The (Rang-e Khoda) (1999)",Drama
1337,64,3.5625,"Body Snatcher, The (1945)",Horror
3787,63,3.857142857142857,Shower (Xizhao) (1999),Comedy
1937,63,3.7301587301587302,Going My Way (1944),Comedy
1397,63,3.6507936507936507,Bastard Out of Carolina (1996),Drama
3368,63,3.6507936507936507,"Big Country, The (1958)",Romance|Western
3679,62,4.274193548387097,"Decline of Western Civilization, The (1981)",Documentary
363,62,4.258064516129032,"Wonderful, Horrible Life of Leni Riefenstahl, The (Die Macht der Bilder) (1993)",Documentary
2594,62,3.9516129032258065,Open Your Eyes (Abre los ojos) (1997),Drama|Romance|Sci-Fi
3310,62,3.7903225806451615,"Kid, The (1921)",Action
326,61,4.344262295081967,To Live (Huozhe) (1994),Drama
1900,61,4.163934426229508,"Children of Heaven, The (Bacheha-Ye Aseman) (1997)",Drama
321,61,3.7540983606557377,Strawberry and Chocolate (Fresa y chocolate) (1993),Drama
3150,60,3.683333333333333,"War Zone, The (1999)",Drama
2434,60,3.6333333333333333,Down in the Delta (1998),Drama
759,59,4.101694915254237,Maya Lin: A Strong Clear Vision (1994),Documentary
390,59,3.542372881355932,Faster Pussycat! Kill! Kill! (1965),Action|Comedy|Drama
1365,58,3.8448275862068964,Ridicule (1996),Drama
959,58,3.7413793103448274,Of Human Bondage (1934),Drama
1684,58,3.7241379310344827,Mrs. Dalloway (1997),Romance
2425,58,3.6206896551724137,"General, The (1998)",Crime
2925,57,4.228070175438597,"Conformist, The (Il Conformista) (1970)",Drama
803,57,3.6842105263157894,Walking and Talking (1996),Romance
3241,57,3.6666666666666665,"Cup, The (Phörpa) (1999)",Comedy
670,56,4.410714285714286,"World of Apu, The (Apur Sansar) (1959)",Drama
976,56,3.5714285714285716,"Farewell to Arms, A (1932)",Romance|War
3304,56,3.5714285714285716,Blue Collar (1978),Crime|Drama
3372,56,3.5535714285714284,"Bridge at Remagen, The (1969)",Action|War
3069,55,3.8181818181818183,"Effect of Gamma Rays on Man-in-the-Moon Marigolds, The (1972)",Drama
269,55,3.5272727272727273,My Crazy Life (Mi vida loca) (1993),Drama
2285,54,3.888888888888889,If.... (1968),Drama
2210,54,3.7037037037037037,Sabotage (1936),Thriller
3188,54,3.7037037037037037,"Life and Times of Hank Greenberg, The (1998)",Documentary
3950,54,3.6666666666666665,Tigerland (2000),Drama
963,54,3.574074074074074,"Inspector General, The (1949)",Musical
1865,54,3.5555555555555554,Wild Man Blues (1998),Documentary
2037,54,3.537037037037037,Candleshoe (1977),Adventure|Children's|Comedy
2820,53,3.5660377358490565,Hamlet (1964),Drama
80,52,3.826923076923077,"White Balloon, The (Badkonake Sefid ) (1995)",Drama
3289,52,3.769230769230769,Not One Less (Yi ge dou bu neng shao) (1999),Drama
1516,52,3.6538461538461537,Children of the Revolution (1996),Comedy
1232,52,3.6346153846153846,Stalker (1979),Mystery|Sci-Fi
715,52,3.6153846153846154,"Horseman on the Roof, The (Hussard sur le toit, Le) (1995)",Drama
2499,52,3.5384615384615383,God Said 'Ha!' (1998),Comedy
1759,51,3.980392156862745,Four Days in September (1997),Drama
3416,51,3.9411764705882355,"Trial, The (Le Procès) (1963)",Drama
3008,51,3.7254901960784315,Last Night (1998),Thriller
3737,50,4.0,Lonely Are the Brave (1962),Drama|Western
1180,50,3.84,Hear My Song (1991),Comedy
3655,50,3.78,Blow-Out (La Grande Bouffe) (1973),Drama
1056,50,3.54,Jude (1996),Drama
3281,49,4.040816326530612,"Brandon Teena Story, The (1998)",Documentary
1889,49,3.877551020408163,Insomnia (1997),Thriller
3870,49,3.857142857142857,Our Town (1940),Drama
1546,49,3.816326530612245,Schizopolis (1996),Comedy
1631,49,3.5918367346938775,"Assignment, The (1997)",Thriller
2585,48,3.8541666666666665,"Lovers of the Arctic Circle, The (Los Amantes del Círculo Polar) (1998)",Drama|Romance
2697,48,3.7291666666666665,My Son the Fanatic (1998),Comedy|Drama|Romance
3371,48,3.7083333333333335,Bound for Glory (1976),Drama
309,48,3.6875,"Red Firecracker, Green Firecracker (1994)",Drama
668,47,4.404255319148936,Pather Panchali (1955),Drama
3680,47,3.9361702127659575,"Decline of Western Civilization Part II: The Metal Years, The (1988)",Documentary
2708,47,3.8297872340425534,"Autumn Tale, An (Conte d'automne) (1998)",Romance
149,47,3.7872340425531914,Amateur (1994),Crime|Drama|Thriller
2618,46,3.891304347826087,"Castle, The (1997)",Comedy
279,46,3.717391304347826,My Family (1995),Drama
1571,45,3.9555555555555557,When the Cats Away (Chacun cherche son chat) (1996),Comedy|Romance
1925,45,3.888888888888889,Wings (1927),Drama|Romance|War
3677,45,3.888888888888889,Baraka (1992),Documentary
3284,45,3.7333333333333334,They Might Be Giants (1971),Comedy|Romance
3183,45,3.6222222222222222,"Third Miracle, The (1999)",Drama
3320,45,3.511111111111111,Mifune (Mifunes sidste sang) (1999),Comedy|Romance
3808,44,4.0227272727272725,Two Women (La Ciociara) (1961),Drama|War
1860,44,3.772727272727273,Character (Karakter) (1997),Drama
97,44,3.75,"Hate (Haine, La) (1995)",Drama
937,44,3.75,Love in the Afternoon (1957),Comedy|Romance
3158,44,3.6363636363636362,"Emperor and the Assassin, The (Jing ke ci qin wang) (1999)",Drama
2237,44,3.590909090909091,Without Limits (1998),Drama
3849,43,4.046511627906977,"Spiral Staircase, The (1946)",Thriller
2284,43,3.7906976744186047,Bandit Queen (1994),Drama
3339,43,3.744186046511628,Cross of Iron (1977),War
2681,43,3.604651162790698,Free Enterprise (1998),Comedy|Romance|Sci-Fi
1310,43,3.558139534883721,Hype! (1996),Documentary
621,42,3.7142857142857144,My Favorite Season (1993),Drama
3133,42,3.7142857142857144,Go West (1925),Comedy
602,41,4.121951219512195,"Great Day in Harlem, A (1994)",Documentary
116,41,4.097560975609756,Anne Frank Remembered (1995),Documentary
2848,41,3.951219512195122,Othello (1952),Drama
2810,41,3.926829268292683,Perfect Blue (1997),Animation|Mystery
2610,41,3.8780487804878048,Three Seasons (1999),Drama
1910,41,3.7560975609756095,I Went Down (1997),Action|Comedy|Crime
2630,41,3.5121951219512195,Besieged (L' Assedio) (1998),Drama
3739,40,3.975,Trouble in Paradise (1932),Comedy|Romance
3851,40,3.95,I'm the One That I Want (2000),Comedy
3951,40,3.9,Two Family House (2000),Drama
1563,40,3.6,Dream With the Fishes (1997),Drama
3632,40,3.6,Monsieur Verdoux (1947),Comedy
956,40,3.55,Penny Serenade (1941),Drama|Romance
3539,39,3.8461538461538463,"Filth and the Fury, The (2000)",Documentary
3736,39,3.7948717948717947,"Big Carnival, The (1951)",Drama
3855,39,3.6666666666666665,"Affair of Love, An (Une Liaison Pornographique) (1999)",Drama|Romance
3816,38,3.763157894736842,"Official Story, The (La Historia Oficial) (1985)",Drama
846,38,3.736842105263158,Flirt (1995),Drama
2744,38,3.6842105263157894,Otello (1986),Drama
3132,38,3.6315789473684212,Daddy Long Legs (1919),Comedy
121,37,4.054054054054054,"Boys of St. Vincent, The (1993)",Drama
705,36,3.8333333333333335,Cosi (1996),Comedy
1564,36,3.8333333333333335,Roseanna's Grave (For Roseanna) (1997),Comedy|Romance
1809,36,3.8055555555555554,Hana-bi (1997),Comedy|Crime|Drama
1169,36,3.7222222222222223,American Dream (1990),Documentary
2620,36,3.6944444444444446,This Is My Father (1998),Drama|Romance
1415,36,3.5555555555555554,"Thieves (Voleurs, Les) (1996)",Crime|Drama|Romance
2323,35,3.942857142857143,"Cruise, The (1998)",Documentary
3002,35,3.914285714285714,My Best Fiend (Mein liebster Feind) (1999),Documentary
568,35,3.857142857142857,Bhaji on the Beach (1993),Comedy|Drama
2593,35,3.7142857142857144,"Monster, The (Il Mostro) (1994)",Comedy
1068,35,3.6857142857142855,Crossfire (1947),Crime|Film-Noir
665,35,3.657142857142857,Underground (1995),War
2481,35,3.6,My Name Is Joe (1998),Drama|Romance
3010,35,3.6,Rosetta (1999),Drama
2626,35,3.5714285714285716,Edge of Seventeen (1998),Comedy|Drama|Romance
77,34,3.764705882352941,Nico Icon (1995),Documentary
571,34,3.588235294117647,"Wedding Gift, The (1994)",Drama
211,34,3.5588235294117645,"Browning Version, The (1994)",Drama
324,33,3.9696969696969697,"Sum of Us, The (1994)",Comedy
2847,33,3.909090909090909,Only Angels Have Wings (1939),Drama
3311,33,3.787878787878788,"Man from Laramie, The (1955)",Western
1123,33,3.727272727272727,"Perfect Candidate, A (1996)",Documentary
83,33,3.696969696969697,Once Upon a Time... When We Were Colored (1995),Drama
3143,33,3.696969696969697,Hell in the Pacific (1968),Drama|War
760,33,3.515151515151515,Stalingrad (1993),War
2205,33,3.515151515151515,Mr. & Mrs. Smith (1941),Comedy
2766,33,3.515151515151515,"Adventures of Sebastian Cole, The (1998)",Comedy|Drama
1695,32,3.6875,Artemisia (1997),Drama
2711,32,3.5625,My Life So Far (1999),Drama
1859,32,3.53125,Taste of Cherry (1997),Drama
746,31,4.0,Force of Evil (1948),Film-Noir
341,31,3.838709677419355,Double Happiness (1994),Drama
2938,31,3.7419354838709675,Man Facing Southeast (Hombre Mirando al Sudeste) (1986),Drama
862,31,3.6451612903225805,Manny & Lo (1996),Drama
3222,30,4.166666666666667,Carmen (1984),Drama
40,30,3.933333333333333,"Cry, the Beloved Country (1995)",Drama
2131,30,3.7333333333333334,Autumn Sonata (Höstsonaten ) (1978),Drama
850,30,3.6666666666666665,Cyclo (1995),Crime|Drama
3559,30,3.6666666666666665,Limelight (1952),Drama
3612,30,3.6333333333333333,"Slipper and the Rose, The (1976)",Adventure|Musical|Romance
1755,30,3.533333333333333,Shooting Fish (1997),Romance
1844,29,3.8620689655172415,Live Flesh (1997),Drama
2579,29,3.793103448275862,Following (1998),Drama
2813,29,3.6551724137931036,"Source, The (1999)",Documentary
2086,29,3.5517241379310347,One Magic Christmas (1985),Drama|Fantasy
214,28,4.25,Before the Rain (Pred dozhdot) (1994),Drama
2493,28,4.142857142857143,"Harmonists, The (1997)",Drama
824,28,3.9285714285714284,Kaspar Hauser (1993),Drama
263,28,3.857142857142857,Ladybird Ladybird (1994),Drama
583,28,3.6785714285714284,Dear Diary (Caro Diario) (1994),Comedy|Drama
1696,28,3.5714285714285716,Bent (1997),Drama|War
3338,27,4.444444444444445,For All Mankind (1989),Documentary
2494,27,4.0,"Last Days, The (1998)",Documentary
722,27,3.814814814814815,"Haunted World of Edward D. Wood Jr., The (1995)",Documentary
3329,27,3.814814814814815,"Year My Voice Broke, The (1987)",Drama
49,27,3.740740740740741,When Night Is Falling (1995),Drama|Romance
702,27,3.6666666666666665,Faces (1968),Drama
1572,26,3.730769230769231,Contempt (Le Mépris) (1963),Drama
2187,26,3.576923076923077,Stage Fright (1950),Mystery|Thriller
3171,25,3.92,Room at the Top (1959),Drama
659,25,3.72,Purple Noon (1960),Crime|Thriller
3192,24,4.083333333333333,"Terrorist, The (Malli) (1998)",Drama
3306,24,3.9583333333333335,"Circus, The (1928)",Comedy
1533,24,3.875,"Promise, The (La Promesse) (1996)",Drama
3309,24,3.6666666666666665,"Dog's Life, A (1920)",Comedy
1511,24,3.5833333333333335,A Chef in Love (1996),Comedy
669,23,4.173913043478261,Aparajito (1956),Drama
1076,23,4.0,"Innocents, The (1961)",Thriller
298,23,3.9130434782608696,Pushing Hands (1992),Comedy
2843,23,3.869565217391304,"Black Cat, White Cat (Crna macka, beli macor) (1998)",Comedy|Romance
3415,23,3.8260869565217392,"Mirror, The (Zerkalo) (1975)",Drama
1067,23,3.782608695652174,"Damsel in Distress, A (1937)",Comedy|Musical|Romance
1725,23,3.739130434782609,"Education of Little Tree, The (1997)",Drama
1879,22,3.909090909090909,"Hanging Garden, The (1997)",Drama
1893,21,3.761904761904762,Beyond Silence (1996),Drama
3532,21,3.761904761904762,Freedom for Us (À nous la liberté ) (1931),Comedy
2189,21,3.7142857142857144,I Married A Strange Person (1997),Animation
1509,21,3.6666666666666665,All Over Me (1997),Drama
3670,21,3.6666666666666665,"Story of G.I. Joe, The (1945)",War
573,21,3.5238095238095237,"Ciao, Professore! (Io speriamo che me la cavo ) (1993)",Drama
2074,21,3.5238095238095237,"Night Porter, The (Il Portiere di notte) (1974)",Drama
2227,21,3.5238095238095237,"Lodger, The (1926)",Thriller
3092,20,4.0,Chushingura (1962),Drama
3637,20,3.95,Vagabond (Sans toit ni loi) (1985),Drama
1412,20,3.9,Some Mother's Son (1996),Drama
831,20,3.85,Stonewall (1995),Drama
389,20,3.7,"Colonel Chabert, Le (1994)",Drama|Romance|War
3854,20,3.65,Aimée & Jaguar (1999),Drama|Romance
633,20,3.6,Denise Calls Up (1995),Comedy
645,20,3.6,Nelly & Monsieur Arnaud (1995),Drama
2512,19,3.9473684210526314,"Ballad of Narayama, The (Narayama Bushiko) (1982)",Drama
3585,19,3.8421052631578947,"Great Locomotive Chase, The (1956)",Adventure|War
2211,19,3.526315789473684,Secret Agent (1936),Thriller
2175,18,3.8333333333333335,Déjà Vu (1997),Drama|Romance
771,18,3.7777777777777777,"Vie est belle, La (Life is Rosey) (1987)",Comedy|Drama
394,18,3.6666666666666665,Coldblooded (1995),Action
3645,18,3.611111111111111,Cleo From 5 to 7 (Cléo de 5 à 7) (1962),Drama
2834,18,3.5555555555555554,"Very Thought of You, The (1998)",Comedy|Romance
3047,18,3.5555555555555554,Experience Preferred... But Not Essential (1982),Drama
3121,18,3.5555555555555554,"Hitch-Hiker, The (1953)",Film-Noir
2904,17,3.764705882352941,Rain (1932),Drama
2963,17,3.7058823529411766,Joe the King (1999),Crime|Drama
617,17,3.6470588235294117,"Flower of My Secret, The (La Flor de Mi Secreto) (1995)",Drama
2185,17,3.588235294117647,I Confess (1953),Thriller
649,16,4.1875,Cold Fever (Á köldum klaka) (1994),Comedy|Drama
3137,16,3.8125,"Sea Wolves, The (1980)",Action|War
3625,16,3.8125,Better Living Through Circuitry (1999),Documentary
974,16,3.75,Algiers (1938),Drama|Romance
1144,16,3.75,"Line King: Al Hirschfeld, The (1996)",Documentary
681,15,3.933333333333333,Clean Slate (Coup de Torchon) (1981),Crime
1154,15,3.7333333333333334,T-Men (1947),Film-Noir
2981,15,3.7333333333333334,"Brother, Can You Spare a Dime? (1975)",Documentary
751,15,3.533333333333333,Careful (1992),Comedy
2101,15,3.533333333333333,Squanto: A Warrior's Tale (1994),Adventure|Drama
1423,14,4.357142857142857,Hearts and Minds (1996),Drama
2824,14,3.9285714285714284,On the Ropes (1999),Documentary
1450,14,3.7857142857142856,Prisoner of the Mountains (Kavkazsky Plennik) (1996),War
1898,14,3.642857142857143,"Land Girls, The (1998)",Drama|War
567,14,3.5714285714285716,Kika (1993),Drama
2079,14,3.5714285714285716,Kidnapped (1960),Children's|Drama
3492,14,3.5714285714285716,"Son of the Sheik, The (1926)",Adventure
632,13,4.0,Land and Freedom (Tierra y libertad) (1995),War
96,13,3.923076923076923,In the Bleak Midwinter (1995),Comedy
2776,13,3.769230769230769,"Marcello Mastroianni: I Remember Yes, I Remember (1997)",Documentary
503,13,3.6923076923076925,"New Age, The (1994)",Drama
1811,13,3.6923076923076925,"Niagara, Niagara (1997)",Drama
561,13,3.6153846153846154,Killer (Bulletproof Heart) (1994),Thriller
2998,13,3.5384615384615383,Dreaming of Joseph Lees (1998),Romance
3853,13,3.5384615384615383,"Tic Code, The (1998)",Drama
128,12,4.333333333333333,Jupiter's Wife (1994),Documentary
1117,12,4.25,"Eighth Day, The (Le Huitième jour ) (1996)",Drama
3495,12,3.75,Roadside Prophets (1992),Comedy|Drama
106,12,3.5833333333333335,Nobody Loves Me (Keiner liebt mich) (1994),Comedy|Drama
864,12,3.5833333333333335,"Wife, The (1995)",Comedy|Drama
2197,11,4.181818181818182,Firelight (1997),Drama
1743,11,3.909090909090909,Arguing the World (1996),Documentary
2342,11,3.727272727272727,Hard Core Logo (1996),Comedy
1531,11,3.6363636363636362,Losing Chase (1996),Drama
962,11,3.5454545454545454,They Made Me a Criminal (1939),Crime|Drama
2830,11,3.5454545454545454,Cabaret Balkan (Bure Baruta) (1998),Drama
2839,10,4.3,West Beirut (West Beyrouth) (1998),Drama
2931,10,4.3,Time of the Gypsies (Dom za vesanje) (1989),Drama
3570,10,3.9,"Last September, The (1999)",Drama
3282,10,3.7,Different for Girls (1996),Comedy
860,10,3.6,"Maybe, Maybe Not (Bewegte Mann, Der) (1994)",Comedy
2503,9,4.666666666666667,"Apple, The (Sib) (1998)",Drama
3410,9,4.333333333333333,Soft Fruit (1999),Comedy|Drama
811,9,3.888888888888889,"Bewegte Mann, Der (1994)",Comedy
755,9,3.7777777777777777,Kim (1950),Children's|Drama
2156,9,3.7777777777777777,"Best Man, The (Il Testimone dello sposo) (1997)",Comedy|Drama
2562,9,3.7777777777777777,Bandits (1997),Drama
2569,9,3.7777777777777777,Among Giants (1998),Drama|Romance
3803,9,3.5555555555555554,Greaser's Palace (1972),Drama
53,8,4.75,Lamerica (1994),Drama
598,8,4.25,Window to Paris (1994),Comedy
1002,8,4.25,Ed's Next Move (1996),Comedy
1780,8,4.125,Ayn Rand: A Sense of Life (1997),Documentary
3905,8,3.875,"Specials, The (2000)",Comedy
2129,8,3.75,"Saltmen of Tibet, The (1997)",Documentary
406,8,3.625,Federal Hill (1994),Drama
560,8,3.625,"Beans of Egypt, Maine, The (1994)",Drama
854,8,3.625,"Ballad of Narayama, The (Narayama Bushiko) (1958)",Drama
1026,8,3.625,So Dear to My Heart (1949),Children's|Drama
1420,7,4.0,Message to Love: The Isle of Wight Festival (1996),Documentary
1138,7,3.857142857142857,Dadetown (1995),Documentary
2673,7,3.857142857142857,Eternity and a Day (Mia eoniotita ke mia mera ) (1998),Drama
844,7,3.5714285714285716,"Story of Xinghua, The (1993)",Drama
2061,7,3.5714285714285716,Full Tilt Boogie (1997),Documentary
2304,7,3.5714285714285716,Love Is the Devil (1998),Drama
966,6,4.0,"Walk in the Sun, A (1945)",Drama
1384,6,3.8333333333333335,"Substance of Fire, The (1996)",Drama
3292,6,3.8333333333333335,"Big Combo, The (1955)",Film-Noir
90,6,3.6666666666666665,"Journey of August King, The (1995)",Drama
1534,6,3.6666666666666665,"Bonheur, Le (1965)",Drama
2833,6,3.6666666666666665,Lucie Aubrac (1997),Romance|War
3056,6,3.6666666666666665,Oxygen (1999),Thriller
3657,6,3.6666666666666665,Pandora and the Flying Dutchman (1951),Drama
3245,5,4.8,I Am Cuba (Soy Cuba/Ya Kuba) (1964),Drama
2930,5,4.4,Return with Honor (1998),Documentary
1664,5,4.2,Nénette et Boni (1996),Drama
1741,5,4.0,"Midaq Alley (Callejón de los milagros, El) (1995)",Drama
1901,5,4.0,Dear Jesse (1997),Documentary
2444,5,4.0,24 7: Twenty Four Seven (1997),Comedy|Drama
3232,5,4.0,Seven Chances (1925),Comedy
1174,5,3.8,Grosse Fatigue (1994),Comedy
1369,5,3.8,I Can't Sleep (J'ai pas sommeil) (1994),Drama|Thriller
3443,5,3.8,Born American (1986),Action|Drama|Thriller
167,5,3.6,Feast of July (1995),Drama
1164,5,3.6,Two or Three Things I Know About Her (1966),Drama
2538,5,3.6,Dancemaker (1998),Documentary
1871,4,4.0,"Friend of the Deceased, A (1997)",Comedy|Drama
2358,4,4.0,Savior (1998),Drama
2999,4,4.0,Man of the Century (1999),Comedy
3609,4,4.0,Regret to Inform (1998),Documentary
404,4,3.75,Brother Minister: The Assassination of Malcolm X (1994),Documentary
757,4,3.75,Ashes of Time (1994),Drama
985,4,3.75,Small Wonders (1996),Documentary
2299,4,3.75,"Battle of the Sexes, The (1959)",Comedy
787,3,5.0,"Gate of Heavenly Peace, The (1995)",Documentary
853,3,4.0,Dingo (1992),Drama
3126,3,4.0,"End of the Affair, The (1955)",Drama
3522,3,4.0,Sacco and Vanzetti (Sacco e Vanzetti) (1971),Drama
729,3,3.6666666666666665,"Institute Benjamenta, or This Dream People Call Human Life (1995)",Drama
1039,3,3.6666666666666665,Synthetic Pleasures (1995),Documentary
2510,3,3.6666666666666665,Just the Ticket (1999),Comedy|Romance
3242,3,3.6666666666666665,Santitos (1997),Comedy
3233,2,5.0,Smashing Time (1967),Comedy
439,2,4.5,Dangerous Game (1993),Drama
557,2,4.5,Mamma Roma (1962),Drama
578,2,4.5,"Hour of the Pig, The (1993)",Drama|Mystery
1795,2,4.5,"Callejón de los milagros, El (1995)",Drama
2309,2,4.5,"Inheritors, The (Die Siebtelbauern) (1998)",Drama
2480,2,4.5,Dry Cleaning (Nettoyage à sec) (1997),Drama
3517,2,4.5,"Bells, The (1926)",Crime|Drama
3888,2,4.5,Skipped Parts (2000),Drama|Romance
130,2,4.0,Angela (1995),Drama
134,2,4.0,Sonic Outlaws (1995),Documentary
1139,2,4.0,Everything Relative (1996),Drama
1434,2,4.0,"Stranger, The (1994)",Action
1842,2,4.0,Illtown (1996),Crime|Drama
1851,2,4.0,Leather Jacket Love Story (1997),Drama|Romance
2198,2,4.0,Modulations (1998),Documentary
2811,2,4.0,With Friends Like These... (1998),Comedy
3057,2,4.0,Where's Marlowe? (1999),Comedy
3305,2,4.0,Bluebeard (1944),Film-Noir|Horror
3353,2,4.0,"Closer You Get, The (2000)",Comedy|Romance
3601,2,4.0,"Castaway Cowboy, The (1974)",Comedy|Western
989,1,5.0,Schlafes Bruder (Brother of Sleep) (1995),Drama
1830,1,5.0,Follow the Bitch (1998),Comedy
3172,1,5.0,Ulysses (Ulisse) (1954),Adventure
3280,1,5.0,"Baby, The (1973)",Horror
3382,1,5.0,Song of Freedom (1936),Drama
3607,1,5.0,One Little Indian (1973),Comedy|Drama|Western
3656,1,5.0,Lured (1947),Crime
3881,1,5.0,Bittersweet Motel (2000),Documentary
139,1,4.0,Target (1995),Action|Drama
396,1,4.0,Fall Time (1995),Drama
398,1,4.0,Frank and Ollie (1995),Documentary
584,1,4.0,I Don't Want to Talk About It (De eso no se habla) (1993),Drama
624,1,4.0,Condition Red (1995),Action|Drama|Thriller
701,1,4.0,Daens (1992),Drama
717,1,4.0,Mouth to Mouth (Boca a boca) (1995),Comedy
758,1,4.0,"Jar, The (Khomreh) (1992)",Drama
774,1,4.0,Wend Kuuni (God's Gift) (1982),Drama
792,1,4.0,"Hungarian Fairy Tale, A (1987)",Fantasy
878,1,4.0,Bye-Bye (1995),Drama
1316,1,4.0,Anna (1996),Drama
1470,1,4.0,Rhyme & Reason (1997),Documentary
1832,1,4.0,Heaven's Burning (1997),Action|Drama
1915,1,4.0,Voyage to the Beginning of the World (1997),Drama
2438,1,4.0,Outside Ozona (1998),Drama|Thriller
2909,1,4.0,"Five Wives, Three Secretaries and Me (1998)",Documentary
3065,1,4.0,Ten Benny (1997),Drama
3164,1,4.0,"Alley Cats, The (1968)",Drama
3229,1,4.0,Another Man's Poison (1952),Crime|Drama
3277,1,4.0,Beloved/Friend (Amigo/Amado) (1999),Drama
3530,1,4.0,Smoking/No Smoking (1993),Comedy
3647,1,4.0,Running Free (2000),Drama
